,title,price,link
0,"APPLE iPhone 13 (Midnight, 128 GB)","₹65,999",/apple-iphone-13-midnight-128-gb/p/itmca361aab1c5b0?pid=MOBG6VF5Q82T3XRS&lid=LSTMOBG6VF5Q82T3XRSOXJLM9&marketplace=FLIPKART&q=mobiles&store=tyy%2F4io&srno=s_1_1&otracker=search&fm=organic&iid=ffef2d8e-157a-485f-9219-dd115383c549.MOBG6VF5Q82T3XRS.SEARCH&ppt=None&ppn=None&ssid=lan39c11740000001669553606971&qH=eb4af0bf07c16429
1,"APPLE iPhone 13 (Blue, 128 GB)","₹65,999",/apple-iphone-13-blue-128-gb/p/itm6c601e0a58b3c?pid=MOBG6VF5SMXPNQHG&lid=LSTMOBG6VF5SMXPNQHGL5FN51&marketplace=FLIPKART&q=mobiles&store=tyy%2F4io&srno=s_1_2&otracker=search&fm=organic&iid=ffef2d8e-157a-485f-9219-dd115383c549.MOBG6VF5SMXPNQHG.SEARCH&ppt=None&ppn=None&ssid=lan39c11740000001669553606971&qH=eb4af0bf07c16429
2,"APPLE iPhone 13 (Green, 128 GB)","₹65,999",/apple-iphone-13-green-128-gb/p/itm18a55937b2607?pid=MOBGC9VGSU9DWGJZ&lid=LSTMOBGC9VGSU9DWGJZ0Q1T8E&marketplace=FLIPKART&q=mobiles&store=tyy%2F4io&srno=s_1_3&otracker=search&fm=organic&iid=ffef2d8e-157a-485f-9219-dd115383c549.MOBGC9VGSU9DWGJZ.SEARCH&ppt=None&ppn=None&ssid=lan39c11740000001669553606971&qH=eb4af0bf07c16429
3,"POCO C31 (Royal Blue, 64 GB)","₹7,749",/poco-c31-royal-blue-64-gb/p/itm19effae969b86?pid=MOBG73E7GKQK4KZP&lid=LSTMOBG73E7GKQK4KZPR5ICMK&marketplace=FLIPKART&q=mobiles&store=tyy%2F4io&srno=s_1_4&otracker=search&fm=organic&iid=ffef2d8e-157a-485f-9219-dd115383c549.MOBG73E7GKQK4KZP.SEARCH&ppt=None&ppn=None&ssid=lan39c11740000001669553606971&qH=eb4af0bf07c16429
4,"SAMSUNG Galaxy F23 5G (Aqua Blue, 128 GB)","₹14,999",/samsung-galaxy-f23-5g-aqua-blue-128-gb/p/itme54bc0c2292f4?pid=MOBGBKQF45XPEUHA&lid=LSTMOBGBKQF45XPEUHAYAHBJE&marketplace=FLIPKART&q=mobiles&store=tyy%2F4io&srno=s_1_5&otracker=search&fm=organic&iid=ffef2d8e-157a-485f-9219-dd115383c549.MOBGBKQF45XPEUHA.SEARCH&ppt=None&ppn=None&ssid=lan39c11740000001669553606971&qH=eb4af0bf07c16429
5,"POCO C31 (Shadow Gray, 64 GB)","₹7,749",/poco-c31-shadow-gray-64-gb/p/itm162375acb8370?pid=MOBG73E7UBFXXMCH&lid=LSTMOBG73E7UBFXXMCHSM0ZN5&marketplace=FLIPKART&q=mobiles&store=tyy%2F4io&srno=s_1_6&otracker=search&fm=organic&iid=ffef2d8e-157a-485f-9219-dd115383c549.MOBG73E7UBFXXMCH.SEARCH&ppt=None&ppn=None&ssid=lan39c11740000001669553606971&qH=eb4af0bf07c16429
6,"SAMSUNG Galaxy F23 5G (Copper Blush, 128 GB)","₹14,999",/samsung-galaxy-f23-5g-copper-blush-128-gb/p/itm59c8bf3255ef6?pid=MOBGE2ZU2YBUAEVZ&lid=LSTMOBGE2ZU2YBUAEVZJXNB2M&marketplace=FLIPKART&q=mobiles&store=tyy%2F4io&srno=s_1_7&otracker=search&fm=organic&iid=ffef2d8e-157a-485f-9219-dd115383c549.MOBGE2ZU2YBUAEVZ.SEARCH&ppt=None&ppn=None&ssid=lan39c11740000001669553606971&qH=eb4af0bf07c16429
7,"SAMSUNG Galaxy F23 5G (Forest Green, 128 GB)","₹14,999",/samsung-galaxy-f23-5g-forest-green-128-gb/p/itm4001e68fda319?pid=MOBGBKQF3QM4GHWN&lid=LSTMOBGBKQF3QM4GHWNJ56YXY&marketplace=FLIPKART&q=mobiles&store=tyy%2F4io&srno=s_1_8&otracker=search&fm=organic&iid=ffef2d8e-157a-485f-9219-dd115383c549.MOBGBKQF3QM4GHWN.SEARCH&ppt=None&ppn=None&ssid=lan39c11740000001669553606971&qH=eb4af0bf07c16429
8,"POCO M4 Pro 5G (Cool Blue, 128 GB)","₹14,999",/poco-m4-pro-5g-cool-blue-128-gb/p/itm509e4403d0303?pid=MOBGBEU7GKRSHG5M&lid=LSTMOBGBEU7GKRSHG5MWVOWEV&marketplace=FLIPKART&q=mobiles&store=tyy%2F4io&srno=s_1_9&otracker=search&fm=organic&iid=ffef2d8e-157a-485f-9219-dd115383c549.MOBGBEU7GKRSHG5M.SEARCH&ppt=None&ppn=None&ssid=lan39c11740000001669553606971&qH=eb4af0bf07c16429
9,"REDMI 10 (Midnight Black, 64 GB)","₹9,999",/redmi-10-midnight-black-64-gb/p/itmd93641e4ebb47?pid=MOBGC9GYEBH3GZ4E&lid=LSTMOBGC9GYEBH3GZ4ESWAKTT&marketplace=FLIPKART&q=mobiles&store=tyy%2F4io&srno=s_1_10&otracker=search&fm=organic&iid=ffef2d8e-157a-485f-9219-dd115383c549.MOBGC9GYEBH3GZ4E.SEARCH&ppt=None&ppn=None&ssid=lan39c11740000001669553606971&qH=eb4af0bf07c16429
10,"APPLE iPhone 13 (Starlight, 128 GB)","₹65,999",/apple-iphone-13-starlight-128-gb/p/itmc9604f122ae7f?pid=MOBG6VF5ADKHKXFX&lid=LSTMOBG6VF5ADKHKXFXQGX7PK&marketplace=FLIPKART&q=mobiles&store=tyy%2F4io&srno=s_1_11&otracker=search&fm=organic&iid=ffef2d8e-157a-485f-9219-dd115383c549.MOBG6VF5ADKHKXFX.SEARCH&ppt=None&ppn=None&ssid=lan39c11740000001669553606971&qH=eb4af0bf07c16429
11,"MOTOROLA e40 (Pink Clay, 64 GB)","₹8,299",/motorola-e40-pink-clay-64-gb/p/itm5d6f2871d1bbf?pid=MOBG2EMW2ZUR4BFG&lid=LSTMOBG2EMW2ZUR4BFG7CQBAI&marketplace=FLIPKART&q=mobiles&store=tyy%2F4io&srno=s_1_12&otracker=search&fm=organic&iid=ffef2d8e-157a-485f-9219-dd115383c549.MOBG2EMW2ZUR4BFG.SEARCH&ppt=None&ppn=None&ssid=lan39c11740000001669553606971&qH=eb4af0bf07c16429
12,"SAMSUNG Galaxy F13 (Waterfall Blue, 64 GB)","₹10,499",/samsung-galaxy-f13-waterfall-blue-64-gb/p/itm583ef432b2b0c?pid=MOBGENJWBPFYJSFT&lid=LSTMOBGENJWBPFYJSFT1ZY7B0&marketplace=FLIPKART&q=mobiles&store=tyy%2F4io&srno=s_1_13&otracker=search&fm=organic&iid=ffef2d8e-157a-485f-9219-dd115383c549.MOBGENJWBPFYJSFT.SEARCH&ppt=None&ppn=None&ssid=lan39c11740000001669553606971&qH=eb4af0bf07c16429
13,"realme C33 (Aqua Blue, 32 GB)","₹8,999",/realme-c33-aqua-blue-32-gb/p/itma112335dbe78a?pid=MOBGHBJGFKM7MNQH&lid=LSTMOBGHBJGFKM7MNQHMLW6ZM&marketplace=FLIPKART&q=mobiles&store=tyy%2F4io&srno=s_1_14&otracker=search&fm=organic&iid=ffef2d8e-157a-485f-9219-dd115383c549.MOBGHBJGFKM7MNQH.SEARCH&ppt=None&ppn=None&ssid=lan39c11740000001669553606971&qH=eb4af0bf07c16429
14,"realme C33 (Night Sea, 32 GB)","₹8,999",/realme-c33-night-sea-32-gb/p/itma112335dbe78a?pid=MOBGHBJGGVPHHTYQ&lid=LSTMOBGHBJGGVPHHTYQPKXLM2&marketplace=FLIPKART&q=mobiles&store=tyy%2F4io&srno=s_1_15&otracker=search&fm=organic&iid=ffef2d8e-157a-485f-9219-dd115383c549.MOBGHBJGGVPHHTYQ.SEARCH&ppt=None&ppn=None&ssid=lan39c11740000001669553606971&qH=eb4af0bf07c16429
15,"realme C33 (Sandy Gold, 32 GB)","₹8,999",/realme-c33-sandy-gold-32-gb/p/itma112335dbe78a?pid=MOBGHBJGF9QZYSZX&lid=LSTMOBGHBJGF9QZYSZXROLVZH&marketplace=FLIPKART&q=mobiles&store=tyy%2F4io&srno=s_1_16&otracker=search&fm=organic&iid=ffef2d8e-157a-485f-9219-dd115383c549.MOBGHBJGF9QZYSZX.SEARCH&ppt=None&ppn=None&ssid=lan39c11740000001669553606971&qH=eb4af0bf07c16429
16,"MOTOROLA e40 (Carbon Gray, 64 GB)","₹8,299",/motorola-e40-carbon-gray-64-gb/p/itm0ca635007c9e2?pid=MOBG2EMWUMUFGSZE&lid=LSTMOBG2EMWUMUFGSZEJNGZMU&marketplace=FLIPKART&q=mobiles&store=tyy%2F4io&srno=s_1_17&otracker=search&fm=organic&iid=ffef2d8e-157a-485f-9219-dd115383c549.MOBG2EMWUMUFGSZE.SEARCH&ppt=None&ppn=None&ssid=lan39c11740000001669553606971&qH=eb4af0bf07c16429
17,"OPPO K10 (Black Carbon, 128 GB)","₹13,490",/oppo-k10-black-carbon-128-gb/p/itm6205e7e72fe0c?pid=MOBGCFUHMDFSCM9W&lid=LSTMOBGCFUHMDFSCM9WSL0U8O&marketplace=FLIPKART&q=mobiles&store=tyy%2F4io&srno=s_1_18&otracker=search&fm=organic&iid=ffef2d8e-157a-485f-9219-dd115383c549.MOBGCFUHMDFSCM9W.SEARCH&ppt=None&ppn=None&ssid=lan39c11740000001669553606971&qH=eb4af0bf07c16429
18,"OPPO K10 (Blue Flame, 128 GB)","₹13,490",/oppo-k10-blue-flame-128-gb/p/itm6205e7e72fe0c?pid=MOBGCFUHQAG5GDQS&lid=LSTMOBGCFUHQAG5GDQSSCVTKH&marketplace=FLIPKART&q=mobiles&store=tyy%2F4io&spotlightTagId=BestsellerId_tyy%2F4io&srno=s_1_19&otracker=search&fm=organic&iid=ffef2d8e-157a-485f-9219-dd115383c549.MOBGCFUHQAG5GDQS.SEARCH&ppt=None&ppn=None&ssid=lan39c11740000001669553606971&qH=eb4af0bf07c16429
19,"REDMI 10 (Pacific Blue, 128 GB)","₹11,999",/redmi-10-pacific-blue-128-gb/p/itmeee56f3526c69?pid=MOBGC9GYMXA2XAH4&lid=LSTMOBGC9GYMXA2XAH4HWYYYO&marketplace=FLIPKART&q=mobiles&store=tyy%2F4io&srno=s_1_20&otracker=search&fm=organic&iid=ffef2d8e-157a-485f-9219-dd115383c549.MOBGC9GYMXA2XAH4.SEARCH&ppt=None&ppn=None&ssid=lan39c11740000001669553606971&qH=eb4af0bf07c16429
20,"SAMSUNG Galaxy F22 (Denim Blue, 64 GB)","₹10,999",/samsung-galaxy-f22-denim-blue-64-gb/p/itmce0a6baf0d54d?pid=MOBG43UGBTGGB99V&lid=LSTMOBG43UGBTGGB99VLZACSD&marketplace=FLIPKART&q=mobiles&store=tyy%2F4io&srno=s_1_21&otracker=search&fm=organic&iid=ffef2d8e-157a-485f-9219-dd115383c549.MOBG43UGBTGGB99V.SEARCH&ppt=None&ppn=None&ssid=lan39c11740000001669553606971&qH=eb4af0bf07c16429
21,"OPPO K10 5G (Ocean Blue, 128 GB)","₹17,499",/oppo-k10-5g-ocean-blue-128-gb/p/itm28cf887931942?pid=MOBGEWUYZ2Z9FSQG&lid=LSTMOBGEWUYZ2Z9FSQGC2YHFU&marketplace=FLIPKART&q=mobiles&store=tyy%2F4io&srno=s_1_22&otracker=search&fm=organic&iid=ffef2d8e-157a-485f-9219-dd115383c549.MOBGEWUYZ2Z9FSQG.SEARCH&ppt=None&ppn=None&ssid=lan39c11740000001669553606971&qH=eb4af0bf07c16429
22,"OPPO K10 5G (Midnight Black, 128 GB)","₹17,499",/oppo-k10-5g-midnight-black-128-gb/p/itm28cf887931942?pid=MOBGETEKHMT7HMR7&lid=LSTMOBGETEKHMT7HMR7WHUWBT&marketplace=FLIPKART&q=mobiles&store=tyy%2F4io&srno=s_1_23&otracker=search&fm=organic&iid=ffef2d8e-157a-485f-9219-dd115383c549.MOBGETEKHMT7HMR7.SEARCH&ppt=None&ppn=None&ssid=lan39c11740000001669553606971&qH=eb4af0bf07c16429
23,"vivo T1 44W (Starry Sky, 128 GB)","₹14,499",/vivo-t1-44w-starry-sky-128-gb/p/itm2a08ebbea3689?pid=MOBGDRHVHNBBBBP5&lid=LSTMOBGDRHVHNBBBBP5SY2MJL&marketplace=FLIPKART&q=mobiles&store=tyy%2F4io&srno=s_1_24&otracker=search&fm=organic&iid=ffef2d8e-157a-485f-9219-dd115383c549.MOBGDRHVHNBBBBP5.SEARCH&ppt=None&ppn=None&ssid=lan39c11740000001669553606971&qH=eb4af0bf07c16429
24,"POCO C31 (Royal Blue, 32 GB)","₹6,999",/poco-c31-royal-blue-32-gb/p/itm9656ebd21e0b3?pid=MOBG73E7ZBHHQ3RB&lid=LSTMOBG73E7ZBHHQ3RBPQ3FU1&marketplace=FLIPKART&q=mobiles&store=tyy%2F4io&srno=s_2_25&otracker=search&fm=organic&iid=6d4bf859-0ba0-4035-a772-1cbdd8fbc516.MOBG73E7ZBHHQ3RB.SEARCH&ppt=None&ppn=None&ssid=he1802pzk00000001669553608050&qH=eb4af0bf07c16429
25,"vivo T1 44W (Midnight Galaxy, 128 GB)","₹14,499",/vivo-t1-44w-midnight-galaxy-128-gb/p/itm2a08ebbea3689?pid=MOBGDRHVZN29ZJF4&lid=LSTMOBGDRHVZN29ZJF4WEHAX7&marketplace=FLIPKART&q=mobiles&store=tyy%2F4io&srno=s_2_26&otracker=search&fm=organic&iid=6d4bf859-0ba0-4035-a772-1cbdd8fbc516.MOBGDRHVZN29ZJF4.SEARCH&ppt=None&ppn=None&ssid=he1802pzk00000001669553608050&qH=eb4af0bf07c16429
26,"vivo T1 44W (Starry Sky, 128 GB)","₹14,499",/vivo-t1-44w-starry-sky-128-gb/p/itm2a08ebbea3689?pid=MOBGDRHVHNBBBBP5&lid=LSTMOBGDRHVHNBBBBP5SY2MJL&marketplace=FLIPKART&q=mobiles&store=tyy%2F4io&srno=s_2_27&otracker=search&fm=organic&iid=6d4bf859-0ba0-4035-a772-1cbdd8fbc516.MOBGDRHVHNBBBBP5.SEARCH&ppt=None&ppn=None&ssid=he1802pzk00000001669553608050&qH=eb4af0bf07c16429
27,MU M370,"₹1,290",/mu-m370/p/itm4f51b8bec460f?pid=MOBFSMQZFNBZBTGV&lid=LSTMOBFSMQZFNBZBTGVU4ZZML&marketplace=FLIPKART&q=mobiles&store=tyy%2F4io&srno=s_2_28&otracker=search&fm=organic&iid=en_%2B%2BuMUpG6dMr4BpCd0EsRW6YKb3RU0aoxc8UCIymNWIkmGvEqBEmknequ%2B0CK4PHRU7a1syztIGC2UpjYedPZHw%3D%3D&ppt=None&ppn=None&ssid=he1802pzk00000001669553608050&qH=eb4af0bf07c16429
28,"realme C33 (Night Sea, 64 GB)","₹9,999",/realme-c33-night-sea-64-gb/p/itma112335dbe78a?pid=MOBGHBJGZ3GYDFD2&lid=LSTMOBGHBJGZ3GYDFD2UJE1AM&marketplace=FLIPKART&q=mobiles&store=tyy%2F4io&srno=s_2_29&otracker=search&fm=organic&iid=6d4bf859-0ba0-4035-a772-1cbdd8fbc516.MOBGHBJGZ3GYDFD2.SEARCH&ppt=None&ppn=None&ssid=he1802pzk00000001669553608050&qH=eb4af0bf07c16429
29,"vivo T1X (Gravity Black, 64 GB)","₹11,999",/vivo-t1x-gravity-black-64-gb/p/itm9e8207e7825a9?pid=MOBGG56ZMXMNUCYF&lid=LSTMOBGG56ZMXMNUCYFQ5HT8S&marketplace=FLIPKART&q=mobiles&store=tyy%2F4io&srno=s_2_30&otracker=search&fm=organic&iid=6d4bf859-0ba0-4035-a772-1cbdd8fbc516.MOBGG56ZMXMNUCYF.SEARCH&ppt=None&ppn=None&ssid=he1802pzk00000001669553608050&qH=eb4af0bf07c16429
30,"realme C33 (Sandy Gold, 64 GB)","₹9,999",/realme-c33-sandy-gold-64-gb/p/itma112335dbe78a?pid=MOBGHBJG8NWDGK6T&lid=LSTMOBGHBJG8NWDGK6TYTLTOF&marketplace=FLIPKART&q=mobiles&store=tyy%2F4io&srno=s_2_31&otracker=search&fm=organic&iid=6d4bf859-0ba0-4035-a772-1cbdd8fbc516.MOBGHBJG8NWDGK6T.SEARCH&ppt=None&ppn=None&ssid=he1802pzk00000001669553608050&qH=eb4af0bf07c16429
31,"realme C33 (Aqua Blue, 64 GB)","₹9,999",/realme-c33-aqua-blue-64-gb/p/itma112335dbe78a?pid=MOBGHBJG3M6FB35G&lid=LSTMOBGHBJG3M6FB35GOCB4ZL&marketplace=FLIPKART&q=mobiles&store=tyy%2F4io&srno=s_2_32&otracker=search&fm=organic&iid=6d4bf859-0ba0-4035-a772-1cbdd8fbc516.MOBGHBJG3M6FB35G.SEARCH&ppt=None&ppn=None&ssid=he1802pzk00000001669553608050&qH=eb4af0bf07c16429
32,"vivo T1X (Space Blue, 64 GB)","₹11,999",/vivo-t1x-space-blue-64-gb/p/itm9e8207e7825a9?pid=MOBGG56ZFNPMHBWE&lid=LSTMOBGG56ZFNPMHBWEB8Y2U5&marketplace=FLIPKART&q=mobiles&store=tyy%2F4io&srno=s_2_33&otracker=search&fm=organic&iid=6d4bf859-0ba0-4035-a772-1cbdd8fbc516.MOBGG56ZFNPMHBWE.SEARCH&ppt=None&ppn=None&ssid=he1802pzk00000001669553608050&qH=eb4af0bf07c16429
33,"SAMSUNG Galaxy F13 (Nightsky Green, 64 GB)","₹10,499",/samsung-galaxy-f13-nightsky-green-64-gb/p/itmeadfda1bd23fa?pid=MOBGENJWF4KJTPEN&lid=LSTMOBGENJWF4KJTPENAUQVSZ&marketplace=FLIPKART&q=mobiles&store=tyy%2F4io&srno=s_2_34&otracker=search&fm=organic&iid=6d4bf859-0ba0-4035-a772-1cbdd8fbc516.MOBGENJWF4KJTPEN.SEARCH&ppt=None&ppn=None&ssid=he1802pzk00000001669553608050&qH=eb4af0bf07c16429
34,"REDMI 10 (Caribbean Green, 64 GB)","₹9,999",/redmi-10-caribbean-green-64-gb/p/itmbfb8dfcdd6e10?pid=MOBGC9GYQGGKWEU3&lid=LSTMOBGC9GYQGGKWEU3QIYEXM&marketplace=FLIPKART&q=mobiles&store=tyy%2F4io&srno=s_2_35&otracker=search&fm=organic&iid=6d4bf859-0ba0-4035-a772-1cbdd8fbc516.MOBGC9GYQGGKWEU3.SEARCH&ppt=None&ppn=None&ssid=he1802pzk00000001669553608050&qH=eb4af0bf07c16429
35,"realme C35 (Glowing Black, 64 GB)","₹11,999",/realme-c35-glowing-black-64-gb/p/itmafb045222b2cf?pid=MOBGBTHFDQXQEGNS&lid=LSTMOBGBTHFDQXQEGNS7O0VBO&marketplace=FLIPKART&q=mobiles&store=tyy%2F4io&srno=s_2_36&otracker=search&fm=organic&iid=6d4bf859-0ba0-4035-a772-1cbdd8fbc516.MOBGBTHFDQXQEGNS.SEARCH&ppt=None&ppn=None&ssid=he1802pzk00000001669553608050&qH=eb4af0bf07c16429
36,"vivo T1 44W (Starry Sky, 128 GB)","₹15,999",/vivo-t1-44w-starry-sky-128-gb/p/itm2a08ebbea3689?pid=MOBGDRHVMW2UDXZY&lid=LSTMOBGDRHVMW2UDXZYVNQXYN&marketplace=FLIPKART&q=mobiles&store=tyy%2F4io&srno=s_2_37&otracker=search&fm=organic&iid=6d4bf859-0ba0-4035-a772-1cbdd8fbc516.MOBGDRHVMW2UDXZY.SEARCH&ppt=None&ppn=None&ssid=he1802pzk00000001669553608050&qH=eb4af0bf07c16429
37,"REDMI 10 (Caribbean Green, 128 GB)","₹11,999",/redmi-10-caribbean-green-128-gb/p/itm2389889c22bf0?pid=MOBGC9GYQVJHKH76&lid=LSTMOBGC9GYQVJHKH76KEBWPH&marketplace=FLIPKART&q=mobiles&store=tyy%2F4io&srno=s_2_38&otracker=search&fm=organic&iid=6d4bf859-0ba0-4035-a772-1cbdd8fbc516.MOBGC9GYQVJHKH76.SEARCH&ppt=None&ppn=None&ssid=he1802pzk00000001669553608050&qH=eb4af0bf07c16429
38,"vivo T1 5G (Rainbow Fantasy, 128 GB)","₹15,990",/vivo-t1-5g-rainbow-fantasy-128-gb/p/itm594222523bd8f?pid=MOBGB9TYGW5NGXVH&lid=LSTMOBGB9TYGW5NGXVHWMF5TV&marketplace=FLIPKART&q=mobiles&store=tyy%2F4io&srno=s_2_39&otracker=search&fm=organic&iid=6d4bf859-0ba0-4035-a772-1cbdd8fbc516.MOBGB9TYGW5NGXVH.SEARCH&ppt=None&ppn=None&ssid=he1802pzk00000001669553608050&qH=eb4af0bf07c16429
39,"SAMSUNG Galaxy F13 (Sunrise Copper, 64 GB)","₹10,499",/samsung-galaxy-f13-sunrise-copper-64-gb/p/itm0d8c65ec17621?pid=MOBGENJWWRYSFC5P&lid=LSTMOBGENJWWRYSFC5PYXUAZH&marketplace=FLIPKART&q=mobiles&store=tyy%2F4io&srno=s_2_40&otracker=search&fm=organic&iid=6d4bf859-0ba0-4035-a772-1cbdd8fbc516.MOBGENJWWRYSFC5P.SEARCH&ppt=None&ppn=None&ssid=he1802pzk00000001669553608050&qH=eb4af0bf07c16429
40,"REDMI 10 (Pacific Blue, 64 GB)","₹9,999",/redmi-10-pacific-blue-64-gb/p/itm0f2a6a2112b75?pid=MOBGC9GYCHQZK9GW&lid=LSTMOBGC9GYCHQZK9GW8N0WII&marketplace=FLIPKART&q=mobiles&store=tyy%2F4io&srno=s_2_41&otracker=search&fm=organic&iid=6d4bf859-0ba0-4035-a772-1cbdd8fbc516.MOBGC9GYCHQZK9GW.SEARCH&ppt=None&ppn=None&ssid=he1802pzk00000001669553608050&qH=eb4af0bf07c16429
41,"vivo T1X (Gravity Black, 128 GB)","₹12,999",/vivo-t1x-gravity-black-128-gb/p/itm9e8207e7825a9?pid=MOBGG56ZYZSNW7JX&lid=LSTMOBGG56ZYZSNW7JXBKVX1F&marketplace=FLIPKART&q=mobiles&store=tyy%2F4io&srno=s_2_42&otracker=search&fm=organic&iid=6d4bf859-0ba0-4035-a772-1cbdd8fbc516.MOBGG56ZYZSNW7JX.SEARCH&ppt=None&ppn=None&ssid=he1802pzk00000001669553608050&qH=eb4af0bf07c16429
42,"vivo T1X (Space Blue, 128 GB)","₹12,999",/vivo-t1x-space-blue-128-gb/p/itm9e8207e7825a9?pid=MOBGG56ZYSVXEAHC&lid=LSTMOBGG56ZYSVXEAHCCUPIEO&marketplace=FLIPKART&q=mobiles&store=tyy%2F4io&srno=s_2_43&otracker=search&fm=organic&iid=6d4bf859-0ba0-4035-a772-1cbdd8fbc516.MOBGG56ZYSVXEAHC.SEARCH&ppt=None&ppn=None&ssid=he1802pzk00000001669553608050&qH=eb4af0bf07c16429
43,"POCO M4 Pro 5G (Cool Blue, 64 GB)","₹12,999",/poco-m4-pro-5g-cool-blue-64-gb/p/itm827b338897bfe?pid=MOBGBEU7YYZGFMYB&lid=LSTMOBGBEU7YYZGFMYBKLZWIN&marketplace=FLIPKART&q=mobiles&store=tyy%2F4io&srno=s_2_44&otracker=search&fm=organic&iid=6d4bf859-0ba0-4035-a772-1cbdd8fbc516.MOBGBEU7YYZGFMYB.SEARCH&ppt=None&ppn=None&ssid=he1802pzk00000001669553608050&qH=eb4af0bf07c16429
44,"SAMSUNG Galaxy F22 (Denim Black, 128 GB)","₹13,499",/samsung-galaxy-f22-denim-black-128-gb/p/itm9f921a1b4f96c?pid=MOBG43UGFGYU4K4B&lid=LSTMOBG43UGFGYU4K4B0FR1R0&marketplace=FLIPKART&q=mobiles&store=tyy%2F4io&srno=s_2_45&otracker=search&fm=organic&iid=6d4bf859-0ba0-4035-a772-1cbdd8fbc516.MOBG43UGFGYU4K4B.SEARCH&ppt=None&ppn=None&ssid=he1802pzk00000001669553608050&qH=eb4af0bf07c16429
45,Nokia 105 SS,"₹1,299",/nokia-105-ss/p/itmb937aecea14e6?pid=MOBGC96FRD7DB2R7&lid=LSTMOBGC96FRD7DB2R7JBURME&marketplace=FLIPKART&q=mobiles&store=tyy%2F4io&srno=s_2_46&otracker=search&fm=organic&iid=6d4bf859-0ba0-4035-a772-1cbdd8fbc516.MOBGC96FRD7DB2R7.SEARCH&ppt=None&ppn=None&ssid=he1802pzk00000001669553608050&qH=eb4af0bf07c16429
46,Nokia 105 SS,"₹1,299",/nokia-105-ss/p/itmb937aecea14e6?pid=MOBGC96FVTHVNXNH&lid=LSTMOBGC96FVTHVNXNHGPCV73&marketplace=FLIPKART&q=mobiles&store=tyy%2F4io&srno=s_2_47&otracker=search&fm=organic&iid=6d4bf859-0ba0-4035-a772-1cbdd8fbc516.MOBGC96FVTHVNXNH.SEARCH&ppt=None&ppn=None&ssid=he1802pzk00000001669553608050&qH=eb4af0bf07c16429
47,"realme C35 (Glowing Green, 64 GB)","₹11,999",/realme-c35-glowing-green-64-gb/p/itmafb045222b2cf?pid=MOBGBTHFSKHF8RAU&lid=LSTMOBGBTHFSKHF8RAURAV7HE&marketplace=FLIPKART&q=mobiles&store=tyy%2F4io&srno=s_2_48&otracker=search&fm=organic&iid=6d4bf859-0ba0-4035-a772-1cbdd8fbc516.MOBGBTHFSKHF8RAU.SEARCH&ppt=None&ppn=None&ssid=he1802pzk00000001669553608050&qH=eb4af0bf07c16429
48,"vivo T1 5G (Starlight Black, 128 GB)","₹15,990",/vivo-t1-5g-starlight-black-128-gb/p/itm594222523bd8f?pid=MOBGB9TYNDFYKNQ6&lid=LSTMOBGB9TYNDFYKNQ6QMGH15&marketplace=FLIPKART&q=mobiles&store=tyy%2F4io&srno=s_3_49&otracker=search&fm=organic&iid=2e29f74b-dea9-40f0-86b5-827228fedca2.MOBGB9TYNDFYKNQ6.SEARCH&ppt=None&ppn=None&ssid=qve7xqmo5c0000001669553608955&qH=eb4af0bf07c16429
49,"APPLE iPhone 11 (Black, 64 GB)","₹39,999",/apple-iphone-11-black-64-gb/p/itm4e5041ba101fd?pid=MOBFWQ6BXGJCEYNY&lid=LSTMOBFWQ6BXGJCEYNYZXSHRJ&marketplace=FLIPKART&q=mobiles&store=tyy%2F4io&srno=s_3_50&otracker=search&fm=organic&iid=2e29f74b-dea9-40f0-86b5-827228fedca2.MOBFWQ6BXGJCEYNY.SEARCH&ppt=None&ppn=None&ssid=qve7xqmo5c0000001669553608955&qH=eb4af0bf07c16429
50,"REDMI 9i Sport (Coral Green, 64 GB)","₹7,999",/redmi-9i-sport-coral-green-64-gb/p/itmb5e8d8186b602?pid=MOBG6WQWJRFZ5WDG&lid=LSTMOBG6WQWJRFZ5WDGJDTSKF&marketplace=FLIPKART&q=mobiles&store=tyy%2F4io&srno=s_3_51&otracker=search&fm=organic&iid=2e29f74b-dea9-40f0-86b5-827228fedca2.MOBG6WQWJRFZ5WDG.SEARCH&ppt=None&ppn=None&ssid=qve7xqmo5c0000001669553608955&qH=eb4af0bf07c16429
51,"APPLE iPhone 12 Mini (White, 64 GB)","₹37,999",/apple-iphone-12-mini-white-64-gb/p/itmf3b16d1640898?pid=MOBFWBYZBH4CEC4C&lid=LSTMOBFWBYZBH4CEC4CP4SG6T&marketplace=FLIPKART&q=mobiles&store=tyy%2F4io&srno=s_3_52&otracker=search&fm=organic&iid=2e29f74b-dea9-40f0-86b5-827228fedca2.MOBFWBYZBH4CEC4C.SEARCH&ppt=None&ppn=None&ssid=qve7xqmo5c0000001669553608955&qH=eb4af0bf07c16429
52,"Infinix HOT 12 Play (Racing Black, 64 GB)","₹8,299",/infinix-hot-12-play-racing-black-64-gb/p/itmd9c1091d0a662?pid=MOBGE2KYNTFHTXUW&lid=LSTMOBGE2KYNTFHTXUWDFJ0XM&marketplace=FLIPKART&q=mobiles&store=tyy%2F4io&srno=s_3_53&otracker=search&fm=organic&iid=2e29f74b-dea9-40f0-86b5-827228fedca2.MOBGE2KYNTFHTXUW.SEARCH&ppt=None&ppn=None&ssid=qve7xqmo5c0000001669553608955&qH=eb4af0bf07c16429
53,"Infinix HOT 12 Play (Horizon Blue, 64 GB)","₹8,299",/infinix-hot-12-play-horizon-blue-64-gb/p/itmd9c1091d0a662?pid=MOBGE2KYCFZA7BRB&lid=LSTMOBGE2KYCFZA7BRBUNTJVL&marketplace=FLIPKART&q=mobiles&store=tyy%2F4io&srno=s_3_54&otracker=search&fm=organic&iid=2e29f74b-dea9-40f0-86b5-827228fedca2.MOBGE2KYCFZA7BRB.SEARCH&ppt=None&ppn=None&ssid=qve7xqmo5c0000001669553608955&qH=eb4af0bf07c16429
54,"Infinix HOT 12 Play (Champagne Gold, 64 GB)","₹8,299",/infinix-hot-12-play-champagne-gold-64-gb/p/itmd9c1091d0a662?pid=MOBGE2KYE4DA7ZPF&lid=LSTMOBGE2KYE4DA7ZPFIXECD0&marketplace=FLIPKART&q=mobiles&store=tyy%2F4io&srno=s_3_55&otracker=search&fm=organic&iid=2e29f74b-dea9-40f0-86b5-827228fedca2.MOBGE2KYE4DA7ZPF.SEARCH&ppt=None&ppn=None&ssid=qve7xqmo5c0000001669553608955&qH=eb4af0bf07c16429
55,"Infinix HOT 12 Play (Daylight Green, 64 GB)","₹8,299",/infinix-hot-12-play-daylight-green-64-gb/p/itmd9c1091d0a662?pid=MOBGE2KY6JUTSNCP&lid=LSTMOBGE2KY6JUTSNCPGWOMYY&marketplace=FLIPKART&q=mobiles&store=tyy%2F4io&srno=s_3_56&otracker=search&fm=organic&iid=2e29f74b-dea9-40f0-86b5-827228fedca2.MOBGE2KY6JUTSNCP.SEARCH&ppt=None&ppn=None&ssid=qve7xqmo5c0000001669553608955&qH=eb4af0bf07c16429
56,"MOTOROLA G32 (Mineral Gray, 64 GB)","₹10,499",/motorola-g32-mineral-gray-64-gb/p/itmdcfa4c4022714?pid=MOBGEA3CZ8Z7HWCY&lid=LSTMOBGEA3CZ8Z7HWCYPHBSGA&marketplace=FLIPKART&q=mobiles&store=tyy%2F4io&srno=s_3_57&otracker=search&fm=organic&iid=2e29f74b-dea9-40f0-86b5-827228fedca2.MOBGEA3CZ8Z7HWCY.SEARCH&ppt=None&ppn=None&ssid=qve7xqmo5c0000001669553608955&qH=eb4af0bf07c16429
57,"REDMI 9 Activ (Metallic Purple, 64 GB)","₹8,629",/redmi-9-activ-metallic-purple-64-gb/p/itm329ae4068c8e8?pid=MOBG7F5HVHHNVXGK&lid=LSTMOBG7F5HVHHNVXGKLBNAAX&marketplace=FLIPKART&q=mobiles&store=tyy%2F4io&srno=s_3_58&otracker=search&fm=organic&iid=2e29f74b-dea9-40f0-86b5-827228fedca2.MOBG7F5HVHHNVXGK.SEARCH&ppt=None&ppn=None&ssid=qve7xqmo5c0000001669553608955&qH=eb4af0bf07c16429
58,"MOTOROLA G62 5G (Midnight Gray, 128 GB)","₹15,999",/motorola-g62-5g-midnight-gray-128-gb/p/itm37da299ffb2d0?pid=MOBGEDT5ZZMZQZSJ&lid=LSTMOBGEDT5ZZMZQZSJL5Z9RH&marketplace=FLIPKART&q=mobiles&store=tyy%2F4io&srno=s_3_59&otracker=search&fm=organic&iid=2e29f74b-dea9-40f0-86b5-827228fedca2.MOBGEDT5ZZMZQZSJ.SEARCH&ppt=None&ppn=None&ssid=qve7xqmo5c0000001669553608955&qH=eb4af0bf07c16429
59,"APPLE iPhone 11 (White, 64 GB)","₹39,999",/apple-iphone-11-white-64-gb/p/itmfc6a7091eb20b?pid=MOBFWQ6BVWVEH3XE&lid=LSTMOBFWQ6BVWVEH3XEMXQMLO&marketplace=FLIPKART&q=mobiles&store=tyy%2F4io&srno=s_3_60&otracker=search&fm=organic&iid=2e29f74b-dea9-40f0-86b5-827228fedca2.MOBFWQ6BVWVEH3XE.SEARCH&ppt=None&ppn=None&ssid=qve7xqmo5c0000001669553608955&qH=eb4af0bf07c16429
60,"Infinix Smart 6 HD (Aqua Sky, 32 GB)","₹5,999",/infinix-smart-6-hd-aqua-sky-32-gb/p/itme9743e28b0cf7?pid=MOBGGMHWZZR7GB6R&lid=LSTMOBGGMHWZZR7GB6R7FNENW&marketplace=FLIPKART&q=mobiles&store=tyy%2F4io&srno=s_3_61&otracker=search&fm=organic&iid=2e29f74b-dea9-40f0-86b5-827228fedca2.MOBGGMHWZZR7GB6R.SEARCH&ppt=None&ppn=None&ssid=qve7xqmo5c0000001669553608955&qH=eb4af0bf07c16429
61,"POCO C31 (Shadow Gray, 32 GB)","₹6,999",/poco-c31-shadow-gray-32-gb/p/itmffefb8bb085e3?pid=MOBG73E7VZH7XHJY&lid=LSTMOBG73E7VZH7XHJYYXFO9I&marketplace=FLIPKART&q=mobiles&store=tyy%2F4io&srno=s_3_62&otracker=search&fm=organic&iid=2e29f74b-dea9-40f0-86b5-827228fedca2.MOBG73E7VZH7XHJY.SEARCH&ppt=None&ppn=None&ssid=qve7xqmo5c0000001669553608955&qH=eb4af0bf07c16429
62,"APPLE iPhone 13 (Pink, 128 GB)","₹65,999",/apple-iphone-13-pink-128-gb/p/itm6e30c6ee045d2?pid=MOBG6VF5GXVFTQ5Y&lid=LSTMOBG6VF5GXVFTQ5YSGQY4O&marketplace=FLIPKART&q=mobiles&store=tyy%2F4io&srno=s_3_63&otracker=search&fm=organic&iid=2e29f74b-dea9-40f0-86b5-827228fedca2.MOBG6VF5GXVFTQ5Y.SEARCH&ppt=None&ppn=None&ssid=qve7xqmo5c0000001669553608955&qH=eb4af0bf07c16429
63,"realme C31 (Dark Green, 32 GB)","₹9,299",/realme-c31-dark-green-32-gb/p/itme0f2960da9bbb?pid=MOBGCGVAXYT3EGYR&lid=LSTMOBGCGVAXYT3EGYRKW4CXL&marketplace=FLIPKART&q=mobiles&store=tyy%2F4io&srno=s_3_64&otracker=search&fm=organic&iid=2e29f74b-dea9-40f0-86b5-827228fedca2.MOBGCGVAXYT3EGYR.SEARCH&ppt=None&ppn=None&ssid=qve7xqmo5c0000001669553608955&qH=eb4af0bf07c16429
64,"realme C31 (Light Silver, 32 GB)","₹9,299",/realme-c31-light-silver-32-gb/p/itme0f2960da9bbb?pid=MOBGCGVA3DANQNQH&lid=LSTMOBGCGVA3DANQNQHVUTE0C&marketplace=FLIPKART&q=mobiles&store=tyy%2F4io&srno=s_3_65&otracker=search&fm=organic&iid=2e29f74b-dea9-40f0-86b5-827228fedca2.MOBGCGVA3DANQNQH.SEARCH&ppt=None&ppn=None&ssid=qve7xqmo5c0000001669553608955&qH=eb4af0bf07c16429
65,"POCO M4 Pro (Power Black, 64 GB)","₹12,999",/poco-m4-pro-power-black-64-gb/p/itm69e46322b5dbb?pid=MOBGBTHFEUFZCSFS&lid=LSTMOBGBTHFEUFZCSFSE8BJWK&marketplace=FLIPKART&q=mobiles&store=tyy%2F4io&srno=s_3_66&otracker=search&fm=organic&iid=2e29f74b-dea9-40f0-86b5-827228fedca2.MOBGBTHFEUFZCSFS.SEARCH&ppt=None&ppn=None&ssid=qve7xqmo5c0000001669553608955&qH=eb4af0bf07c16429
66,"MOTOROLA g31 (Baby Blue, 128 GB)","₹11,999",/motorola-g31-baby-blue-128-gb/p/itm4abfdd078ea12?pid=MOBG3E8WDCFZEGFN&lid=LSTMOBG3E8WDCFZEGFNOXYVFY&marketplace=FLIPKART&q=mobiles&store=tyy%2F4io&srno=s_3_67&otracker=search&fm=organic&iid=2e29f74b-dea9-40f0-86b5-827228fedca2.MOBG3E8WDCFZEGFN.SEARCH&ppt=None&ppn=None&ssid=qve7xqmo5c0000001669553608955&qH=eb4af0bf07c16429
67,"POCO M4 Pro (Cool Blue, 128 GB)","₹13,999",/poco-m4-pro-cool-blue-128-gb/p/itm98e13f0c82b82?pid=MOBGBTHFBKGG6AVB&lid=LSTMOBGBTHFBKGG6AVBZXCSFJ&marketplace=FLIPKART&q=mobiles&store=tyy%2F4io&srno=s_3_68&otracker=search&fm=organic&iid=2e29f74b-dea9-40f0-86b5-827228fedca2.MOBGBTHFBKGG6AVB.SEARCH&ppt=None&ppn=None&ssid=qve7xqmo5c0000001669553608955&qH=eb4af0bf07c16429
68,"OnePlus Nord CE 2 Lite 5G (Blue Tide, 128 GB)","₹19,899",/oneplus-nord-ce-2-lite-5g-blue-tide-128-gb/p/itm7acae55b999e6?pid=MOBGHHXQCZQVEQDG&lid=LSTMOBGHHXQCZQVEQDGNPTZOJ&marketplace=FLIPKART&q=mobiles&store=tyy%2F4io&srno=s_3_69&otracker=search&fm=organic&iid=2e29f74b-dea9-40f0-86b5-827228fedca2.MOBGHHXQCZQVEQDG.SEARCH&ppt=None&ppn=None&ssid=qve7xqmo5c0000001669553608955&qH=eb4af0bf07c16429
69,"MOTOROLA g52 (Charcoal Grey, 128 GB)","₹13,999",/motorola-g52-charcoal-grey-128-gb/p/itmea9ebe003e26c?pid=MOBGAKFYFCZJ8JVY&lid=LSTMOBGAKFYFCZJ8JVYO1OB2T&marketplace=FLIPKART&q=mobiles&store=tyy%2F4io&srno=s_3_70&otracker=search&fm=organic&iid=2e29f74b-dea9-40f0-86b5-827228fedca2.MOBGAKFYFCZJ8JVY.SEARCH&ppt=None&ppn=None&ssid=qve7xqmo5c0000001669553608955&qH=eb4af0bf07c16429
70,"Infinix Smart 6 HD (Force Black, 32 GB)","₹5,999",/infinix-smart-6-hd-force-black-32-gb/p/itme9743e28b0cf7?pid=MOBGGMHWHZCN2MSG&lid=LSTMOBGGMHWHZCN2MSGTWCOJN&marketplace=FLIPKART&q=mobiles&store=tyy%2F4io&srno=s_3_71&otracker=search&fm=organic&iid=2e29f74b-dea9-40f0-86b5-827228fedca2.MOBGGMHWHZCN2MSG.SEARCH&ppt=None&ppn=None&ssid=qve7xqmo5c0000001669553608955&qH=eb4af0bf07c16429
71,"MOTOROLA G60 (Moonless, 128 GB)","₹14,999",/motorola-g60-moonless-128-gb/p/itma894654fddb46?pid=MOBG9CJ6KRYW4NJT&lid=LSTMOBG9CJ6KRYW4NJTXM0QKG&marketplace=FLIPKART&q=mobiles&store=tyy%2F4io&srno=s_3_72&otracker=search&fm=organic&iid=2e29f74b-dea9-40f0-86b5-827228fedca2.MOBG9CJ6KRYW4NJT.SEARCH&ppt=None&ppn=None&ssid=qve7xqmo5c0000001669553608955&qH=eb4af0bf07c16429
72,"Infinix Smart 6 HD (Force Black, 32 GB)","₹5,999",/infinix-smart-6-hd-force-black-32-gb/p/itme9743e28b0cf7?pid=MOBGGMHWHZCN2MSG&lid=LSTMOBGGMHWHZCN2MSGTWCOJN&marketplace=FLIPKART&q=mobiles&store=tyy%2F4io&srno=s_4_73&otracker=search&fm=organic&iid=25f9f666-d388-4ca6-bf60-963bcab46860.MOBGGMHWHZCN2MSG.SEARCH&ppt=None&ppn=None&ssid=cxdnzhrs1c0000001669553609893&qH=eb4af0bf07c16429
73,"MOTOROLA G32 (Satin Silver, 64 GB)","₹10,499",/motorola-g32-satin-silver-64-gb/p/itm264e8f39d3934?pid=MOBGEA3CGNUPBCD2&lid=LSTMOBGEA3CGNUPBCD2ASUJ7J&marketplace=FLIPKART&q=mobiles&store=tyy%2F4io&srno=s_4_74&otracker=search&fm=organic&iid=25f9f666-d388-4ca6-bf60-963bcab46860.MOBGEA3CGNUPBCD2.SEARCH&ppt=None&ppn=None&ssid=cxdnzhrs1c0000001669553609893&qH=eb4af0bf07c16429
74,"MOTOROLA G60 (Moonless, 128 GB)","₹14,999",/motorola-g60-moonless-128-gb/p/itma894654fddb46?pid=MOBG9CJ6KRYW4NJT&lid=LSTMOBG9CJ6KRYW4NJTXM0QKG&marketplace=FLIPKART&q=mobiles&store=tyy%2F4io&srno=s_4_75&otracker=search&fm=organic&iid=25f9f666-d388-4ca6-bf60-963bcab46860.MOBG9CJ6KRYW4NJT.SEARCH&ppt=None&ppn=None&ssid=cxdnzhrs1c0000001669553609893&qH=eb4af0bf07c16429
75,MU M370,"₹1,290",/mu-m370/p/itm4f51b8bec460f?pid=MOBFSMQZFNBZBTGV&lid=LSTMOBFSMQZFNBZBTGVU4ZZML&marketplace=FLIPKART&q=mobiles&store=tyy%2F4io&srno=s_4_76&otracker=search&fm=organic&iid=en_1ug18a%2FZAcE%2F2AZ6m2roNNRsBJbe2Lncews196TDaUTuEDSsLKfdIst8s3DP5dOMU7a1syztIGC2UpjYedPZHw%3D%3D&ppt=None&ppn=None&ssid=cxdnzhrs1c0000001669553609893&qH=eb4af0bf07c16429
76,"realme C35 (Glowing Black, 128 GB)","₹13,999",/realme-c35-glowing-black-128-gb/p/itmafb045222b2cf?pid=MOBGFJ35DCSRJU2K&lid=LSTMOBGFJ35DCSRJU2KCAUA0K&marketplace=FLIPKART&q=mobiles&store=tyy%2F4io&srno=s_4_77&otracker=search&fm=organic&iid=25f9f666-d388-4ca6-bf60-963bcab46860.MOBGFJ35DCSRJU2K.SEARCH&ppt=None&ppn=None&ssid=cxdnzhrs1c0000001669553609893&qH=eb4af0bf07c16429
77,"realme C35 (Glowing Green, 128 GB)","₹12,999",/realme-c35-glowing-green-128-gb/p/itmafb045222b2cf?pid=MOBGBTHFRB6ZVSZ9&lid=LSTMOBGBTHFRB6ZVSZ9SF8WVL&marketplace=FLIPKART&q=mobiles&store=tyy%2F4io&srno=s_4_78&otracker=search&fm=organic&iid=25f9f666-d388-4ca6-bf60-963bcab46860.MOBGBTHFRB6ZVSZ9.SEARCH&ppt=None&ppn=None&ssid=cxdnzhrs1c0000001669553609893&qH=eb4af0bf07c16429
78,"realme C35 (Glowing Black, 128 GB)","₹12,999",/realme-c35-glowing-black-128-gb/p/itmafb045222b2cf?pid=MOBGBTHFZZN4ADNF&lid=LSTMOBGBTHFZZN4ADNFEGSZHG&marketplace=FLIPKART&q=mobiles&store=tyy%2F4io&srno=s_4_79&otracker=search&fm=organic&iid=25f9f666-d388-4ca6-bf60-963bcab46860.MOBGBTHFZZN4ADNF.SEARCH&ppt=None&ppn=None&ssid=cxdnzhrs1c0000001669553609893&qH=eb4af0bf07c16429
79,"vivo T1 44W (Midnight Galaxy, 128 GB)","₹17,999",/vivo-t1-44w-midnight-galaxy-128-gb/p/itm2a08ebbea3689?pid=MOBGDRHVWJUFTYQJ&lid=LSTMOBGDRHVWJUFTYQJ2SYXAC&marketplace=FLIPKART&q=mobiles&store=tyy%2F4io&srno=s_4_80&otracker=search&fm=organic&iid=25f9f666-d388-4ca6-bf60-963bcab46860.MOBGDRHVWJUFTYQJ.SEARCH&ppt=None&ppn=None&ssid=cxdnzhrs1c0000001669553609893&qH=eb4af0bf07c16429
80,"vivo T1 44W (Midnight Galaxy, 128 GB)","₹15,999",/vivo-t1-44w-midnight-galaxy-128-gb/p/itm2a08ebbea3689?pid=MOBGDRHVXFVCGS23&lid=LSTMOBGDRHVXFVCGS23RDLBPG&marketplace=FLIPKART&q=mobiles&store=tyy%2F4io&srno=s_4_81&otracker=search&fm=organic&iid=25f9f666-d388-4ca6-bf60-963bcab46860.MOBGDRHVXFVCGS23.SEARCH&ppt=None&ppn=None&ssid=cxdnzhrs1c0000001669553609893&qH=eb4af0bf07c16429
81,"Infinix Note 12 (Jewel Blue, 64 GB)","₹9,999",/infinix-note-12-jewel-blue-64-gb/p/itm8d7ef81209637?pid=MOBGE5X3ZYWNQPGF&lid=LSTMOBGE5X3ZYWNQPGFBHNOY6&marketplace=FLIPKART&q=mobiles&store=tyy%2F4io&srno=s_4_82&otracker=search&fm=organic&iid=25f9f666-d388-4ca6-bf60-963bcab46860.MOBGE5X3ZYWNQPGF.SEARCH&ppt=None&ppn=None&ssid=cxdnzhrs1c0000001669553609893&qH=eb4af0bf07c16429
82,"vivo T1 5G (Starlight Black, 128 GB)","₹19,990",/vivo-t1-5g-starlight-black-128-gb/p/itm594222523bd8f?pid=MOBGB9TYEDGEXQRA&lid=LSTMOBGB9TYEDGEXQRAKBELKI&marketplace=FLIPKART&q=mobiles&store=tyy%2F4io&srno=s_4_83&otracker=search&fm=organic&iid=25f9f666-d388-4ca6-bf60-963bcab46860.MOBGB9TYEDGEXQRA.SEARCH&ppt=None&ppn=None&ssid=cxdnzhrs1c0000001669553609893&qH=eb4af0bf07c16429
83,"Infinix Smart 6 (Light Sea Green, 64 GB)","₹6,499",/infinix-smart-6-light-sea-green-64-gb/p/itmd4041ce33d262?pid=MOBGDC6HQJZKSX3K&lid=LSTMOBGDC6HQJZKSX3KUVADVY&marketplace=FLIPKART&q=mobiles&store=tyy%2F4io&srno=s_4_84&otracker=search&fm=organic&iid=25f9f666-d388-4ca6-bf60-963bcab46860.MOBGDC6HQJZKSX3K.SEARCH&ppt=None&ppn=None&ssid=cxdnzhrs1c0000001669553609893&qH=eb4af0bf07c16429
84,"vivo T1 5G (Rainbow Fantasy, 128 GB)","₹16,990",/vivo-t1-5g-rainbow-fantasy-128-gb/p/itm594222523bd8f?pid=MOBGB9TYFQR3FQZT&lid=LSTMOBGB9TYFQR3FQZTTIVBCR&marketplace=FLIPKART&q=mobiles&store=tyy%2F4io&spotlightTagId=BestsellerId_tyy%2F4io&srno=s_4_85&otracker=search&fm=organic&iid=25f9f666-d388-4ca6-bf60-963bcab46860.MOBGB9TYFQR3FQZT.SEARCH&ppt=None&ppn=None&ssid=cxdnzhrs1c0000001669553609893&qH=eb4af0bf07c16429
85,"vivo T1 5G (Rainbow Fantasy, 128 GB)","₹19,990",/vivo-t1-5g-rainbow-fantasy-128-gb/p/itm594222523bd8f?pid=MOBGB9TYUBFMRG2Y&lid=LSTMOBGB9TYUBFMRG2Y4RZEVJ&marketplace=FLIPKART&q=mobiles&store=tyy%2F4io&srno=s_4_86&otracker=search&fm=organic&iid=25f9f666-d388-4ca6-bf60-963bcab46860.MOBGB9TYUBFMRG2Y.SEARCH&ppt=None&ppn=None&ssid=cxdnzhrs1c0000001669553609893&qH=eb4af0bf07c16429
86,"MOTOROLA g31 (Meteorite Grey, 64 GB)","₹10,499",/motorola-g31-meteorite-grey-64-gb/p/itmbdda30a7812a0?pid=MOBG3E8WK7736ZH5&lid=LSTMOBG3E8WK7736ZH5PDBHI4&marketplace=FLIPKART&q=mobiles&store=tyy%2F4io&srno=s_4_87&otracker=search&fm=organic&iid=25f9f666-d388-4ca6-bf60-963bcab46860.MOBG3E8WK7736ZH5.SEARCH&ppt=None&ppn=None&ssid=cxdnzhrs1c0000001669553609893&qH=eb4af0bf07c16429
87,"vivo T1X (Gravity Black, 128 GB)","₹14,999",/vivo-t1x-gravity-black-128-gb/p/itm9e8207e7825a9?pid=MOBGG56ZKWEHRZBV&lid=LSTMOBGG56ZKWEHRZBVUFLBUQ&marketplace=FLIPKART&q=mobiles&store=tyy%2F4io&srno=s_4_88&otracker=search&fm=organic&iid=25f9f666-d388-4ca6-bf60-963bcab46860.MOBGG56ZKWEHRZBV.SEARCH&ppt=None&ppn=None&ssid=cxdnzhrs1c0000001669553609893&qH=eb4af0bf07c16429
88,"MOTOROLA edge 30 (Meteor Grey, 128 GB)","₹24,999",/motorola-edge-30-meteor-grey-128-gb/p/itma02c4f5bca2df?pid=MOBGDCYGCZCYGYYZ&lid=LSTMOBGDCYGCZCYGYYZDNNWFQ&marketplace=FLIPKART&q=mobiles&store=tyy%2F4io&srno=s_4_89&otracker=search&fm=organic&iid=25f9f666-d388-4ca6-bf60-963bcab46860.MOBGDCYGCZCYGYYZ.SEARCH&ppt=None&ppn=None&ssid=cxdnzhrs1c0000001669553609893&qH=eb4af0bf07c16429
89,"realme C31 (Light Silver, 64 GB)","₹9,999",/realme-c31-light-silver-64-gb/p/itme0f2960da9bbb?pid=MOBGCGVAGUHQ9HNJ&lid=LSTMOBGCGVAGUHQ9HNJSTKURO&marketplace=FLIPKART&q=mobiles&store=tyy%2F4io&srno=s_4_90&otracker=search&fm=organic&iid=25f9f666-d388-4ca6-bf60-963bcab46860.MOBGCGVAGUHQ9HNJ.SEARCH&ppt=None&ppn=None&ssid=cxdnzhrs1c0000001669553609893&qH=eb4af0bf07c16429
90,"realme C31 (Dark Green, 64 GB)","₹9,999",/realme-c31-dark-green-64-gb/p/itme0f2960da9bbb?pid=MOBGCGVAZXRCZJNE&lid=LSTMOBGCGVAZXRCZJNENAINFL&marketplace=FLIPKART&q=mobiles&store=tyy%2F4io&srno=s_4_91&otracker=search&fm=organic&iid=25f9f666-d388-4ca6-bf60-963bcab46860.MOBGCGVAZXRCZJNE.SEARCH&ppt=None&ppn=None&ssid=cxdnzhrs1c0000001669553609893&qH=eb4af0bf07c16429
91,"APPLE iPhone 12 Mini (Black, 64 GB)","₹37,999",/apple-iphone-12-mini-black-64-gb/p/itm38b727191eb08?pid=MOBFWBYZXSEGBS6F&lid=LSTMOBFWBYZXSEGBS6FTONJ6W&marketplace=FLIPKART&q=mobiles&store=tyy%2F4io&srno=s_4_92&otracker=search&fm=organic&iid=25f9f666-d388-4ca6-bf60-963bcab46860.MOBFWBYZXSEGBS6F.SEARCH&ppt=None&ppn=None&ssid=cxdnzhrs1c0000001669553609893&qH=eb4af0bf07c16429
92,"POCO M4 Pro (Cool Blue, 64 GB)","₹12,999",/poco-m4-pro-cool-blue-64-gb/p/itmeded809cd6117?pid=MOBGBTHFRAUEZX6G&lid=LSTMOBGBTHFRAUEZX6GTYEYVK&marketplace=FLIPKART&q=mobiles&store=tyy%2F4io&srno=s_4_93&otracker=search&fm=organic&iid=25f9f666-d388-4ca6-bf60-963bcab46860.MOBGBTHFRAUEZX6G.SEARCH&ppt=None&ppn=None&ssid=cxdnzhrs1c0000001669553609893&qH=eb4af0bf07c16429
93,"REDMI 10 Prime (Phantom Black, 128 GB)","₹12,999",/redmi-10-prime-phantom-black-128-gb/p/itm9377b4c936baa?pid=MOBG6RGPPXQFYJ4R&lid=LSTMOBG6RGPPXQFYJ4RW9POLT&marketplace=FLIPKART&q=mobiles&store=tyy%2F4io&srno=s_4_94&otracker=search&fm=organic&iid=25f9f666-d388-4ca6-bf60-963bcab46860.MOBG6RGPPXQFYJ4R.SEARCH&ppt=None&ppn=None&ssid=cxdnzhrs1c0000001669553609893&qH=eb4af0bf07c16429
94,"POCO M4 5G (Cool Blue, 128 GB)","₹13,999",/poco-m4-5g-cool-blue-128-gb/p/itm1603244ab4f2e?pid=MOBGDRGPUMTED5D5&lid=LSTMOBGDRGPUMTED5D5RFUHNY&marketplace=FLIPKART&q=mobiles&store=tyy%2F4io&srno=s_4_95&otracker=search&fm=organic&iid=25f9f666-d388-4ca6-bf60-963bcab46860.MOBGDRGPUMTED5D5.SEARCH&ppt=None&ppn=None&ssid=cxdnzhrs1c0000001669553609893&qH=eb4af0bf07c16429
95,"POCO M4 Pro (Yellow, 128 GB)","₹13,999",/poco-m4-pro-yellow-128-gb/p/itm675edffaf085d?pid=MOBGBTHFCY9DADTY&lid=LSTMOBGBTHFCY9DADTYRTYP22&marketplace=FLIPKART&q=mobiles&store=tyy%2F4io&srno=s_4_96&otracker=search&fm=organic&iid=25f9f666-d388-4ca6-bf60-963bcab46860.MOBGBTHFCY9DADTY.SEARCH&ppt=None&ppn=None&ssid=cxdnzhrs1c0000001669553609893&qH=eb4af0bf07c16429
96,"realme 9 (Meteor Black, 128 GB)","₹16,999",/realme-9-meteor-black-128-gb/p/itm73722a6d35d36?pid=MOBGDYSHYBBS2BBF&lid=LSTMOBGDYSHYBBS2BBFVN36CV&marketplace=FLIPKART&q=mobiles&store=tyy%2F4io&srno=s_5_97&otracker=search&fm=organic&iid=a718c401-3b36-40ec-9dd2-45cfab95443a.MOBGDYSHYBBS2BBF.SEARCH&ppt=None&ppn=None&ssid=zd6ghyrnc00000001669553610944&qH=eb4af0bf07c16429
97,"realme 9 (Sunburst Gold, 128 GB)","₹16,999",/realme-9-sunburst-gold-128-gb/p/itm73722a6d35d36?pid=MOBGDYSHHVWMECHS&lid=LSTMOBGDYSHHVWMECHSTFXBTZ&marketplace=FLIPKART&q=mobiles&store=tyy%2F4io&srno=s_5_98&otracker=search&fm=organic&iid=a718c401-3b36-40ec-9dd2-45cfab95443a.MOBGDYSHHVWMECHS.SEARCH&ppt=None&ppn=None&ssid=zd6ghyrnc00000001669553610944&qH=eb4af0bf07c16429
98,"MOTOROLA g52 (Metallic White, 128 GB)","₹13,999",/motorola-g52-metallic-white-128-gb/p/itm469efad765b98?pid=MOBGAKFYDDSNZGR8&lid=LSTMOBGAKFYDDSNZGR8W6QBUV&marketplace=FLIPKART&q=mobiles&store=tyy%2F4io&srno=s_5_99&otracker=search&fm=organic&iid=a718c401-3b36-40ec-9dd2-45cfab95443a.MOBGAKFYDDSNZGR8.SEARCH&ppt=None&ppn=None&ssid=zd6ghyrnc00000001669553610944&qH=eb4af0bf07c16429
99,MU M370,"₹1,290",/mu-m370/p/itm4f51b8bec460f?pid=MOBFSMQZFNBZBTGV&lid=LSTMOBFSMQZFNBZBTGVU4ZZML&marketplace=FLIPKART&q=mobiles&store=tyy%2F4io&srno=s_5_100&otracker=search&fm=organic&iid=en_uq20TWkLwCR7g%2FJgrkCooUgVoulwZgJj9Dur4PjyUNadMRQsiJdQaoWmKfQ5ERyzU7a1syztIGC2UpjYedPZHw%3D%3D&ppt=None&ppn=None&ssid=zd6ghyrnc00000001669553610944&qH=eb4af0bf07c16429
100,"APPLE iPhone 12 Mini (Blue, 64 GB)","₹37,999",/apple-iphone-12-mini-blue-64-gb/p/itm2883104474448?pid=MOBFWBYZC6UYGR2R&lid=LSTMOBFWBYZC6UYGR2RSLTAQT&marketplace=FLIPKART&q=mobiles&store=tyy%2F4io&srno=s_5_101&otracker=search&fm=organic&iid=a718c401-3b36-40ec-9dd2-45cfab95443a.MOBFWBYZC6UYGR2R.SEARCH&ppt=None&ppn=None&ssid=zd6ghyrnc00000001669553610944&qH=eb4af0bf07c16429
101,"SAMSUNG Galaxy F22 (Denim Blue, 128 GB)","₹13,499",/samsung-galaxy-f22-denim-blue-128-gb/p/itm30c755943bea0?pid=MOBG43UGRSMJXTMH&lid=LSTMOBG43UGRSMJXTMH8AUDHE&marketplace=FLIPKART&q=mobiles&store=tyy%2F4io&srno=s_5_102&otracker=search&fm=organic&iid=a718c401-3b36-40ec-9dd2-45cfab95443a.MOBG43UGRSMJXTMH.SEARCH&ppt=None&ppn=None&ssid=zd6ghyrnc00000001669553610944&qH=eb4af0bf07c16429
102,"Infinix Hot 11S (Polar Black, 128 GB)","₹9,999",/infinix-hot-11s-polar-black-128-gb/p/itm89f2c3f6ece7e?pid=MOBG9BGWKNCAEXCQ&lid=LSTMOBG9BGWKNCAEXCQWYT66U&marketplace=FLIPKART&q=mobiles&store=tyy%2F4io&srno=s_5_103&otracker=search&fm=organic&iid=a718c401-3b36-40ec-9dd2-45cfab95443a.MOBG9BGWKNCAEXCQ.SEARCH&ppt=None&ppn=None&ssid=zd6ghyrnc00000001669553610944&qH=eb4af0bf07c16429
103,"Infinix Hot 11S (Silver Wave, 128 GB)","₹9,999",/infinix-hot-11s-silver-wave-128-gb/p/itm89f2c3f6ece7e?pid=MOBGAJW6K3YW92NY&lid=LSTMOBGAJW6K3YW92NYPFPNTJ&marketplace=FLIPKART&q=mobiles&store=tyy%2F4io&srno=s_5_104&otracker=search&fm=organic&iid=a718c401-3b36-40ec-9dd2-45cfab95443a.MOBGAJW6K3YW92NY.SEARCH&ppt=None&ppn=None&ssid=zd6ghyrnc00000001669553610944&qH=eb4af0bf07c16429
104,"Infinix Smart 6 (Heart Of Ocean, 64 GB)","₹6,499",/infinix-smart-6-heart-ocean-64-gb/p/itmd4041ce33d262?pid=MOBGDC6HN5VTU6RR&lid=LSTMOBGDC6HN5VTU6RRUSMZV8&marketplace=FLIPKART&q=mobiles&store=tyy%2F4io&srno=s_5_105&otracker=search&fm=organic&iid=a718c401-3b36-40ec-9dd2-45cfab95443a.MOBGDC6HN5VTU6RR.SEARCH&ppt=None&ppn=None&ssid=zd6ghyrnc00000001669553610944&qH=eb4af0bf07c16429
105,"Infinix Smart 6 (Starry Purple, 64 GB)","₹6,499",/infinix-smart-6-starry-purple-64-gb/p/itmd4041ce33d262?pid=MOBGDC6HFGCW5PGF&lid=LSTMOBGDC6HFGCW5PGFFKFQIM&marketplace=FLIPKART&q=mobiles&store=tyy%2F4io&srno=s_5_106&otracker=search&fm=organic&iid=a718c401-3b36-40ec-9dd2-45cfab95443a.MOBGDC6HFGCW5PGF.SEARCH&ppt=None&ppn=None&ssid=zd6ghyrnc00000001669553610944&qH=eb4af0bf07c16429
106,"MOTOROLA G40 Fusion (Frosted Champagne, 128 GB)","₹13,499",/motorola-g40-fusion-frosted-champagne-128-gb/p/itm78278061a0e25?pid=MOBFWSF8Q3XAHTZH&lid=LSTMOBFWSF8Q3XAHTZHU8WKTS&marketplace=FLIPKART&q=mobiles&store=tyy%2F4io&srno=s_5_107&otracker=search&fm=organic&iid=a718c401-3b36-40ec-9dd2-45cfab95443a.MOBFWSF8Q3XAHTZH.SEARCH&ppt=None&ppn=None&ssid=zd6ghyrnc00000001669553610944&qH=eb4af0bf07c16429
107,"POCO M4 Pro 5G (Power Black, 128 GB)","₹15,999",/poco-m4-pro-5g-power-black-128-gb/p/itm6582c30018b6b?pid=MOBGBEU73C6DGJGH&lid=LSTMOBGBEU73C6DGJGHSOUJSP&marketplace=FLIPKART&q=mobiles&store=tyy%2F4io&srno=s_5_108&otracker=search&fm=organic&iid=a718c401-3b36-40ec-9dd2-45cfab95443a.MOBGBEU73C6DGJGH.SEARCH&ppt=None&ppn=None&ssid=zd6ghyrnc00000001669553610944&qH=eb4af0bf07c16429
108,"MOTOROLA g31 (Meteorite Grey, 128 GB)","₹11,999",/motorola-g31-meteorite-grey-128-gb/p/itmd693244c447de?pid=MOBG3E8W6ACSNZS6&lid=LSTMOBG3E8W6ACSNZS6VCGCDB&marketplace=FLIPKART&q=mobiles&store=tyy%2F4io&srno=s_5_109&otracker=search&fm=organic&iid=a718c401-3b36-40ec-9dd2-45cfab95443a.MOBG3E8W6ACSNZS6.SEARCH&ppt=None&ppn=None&ssid=zd6ghyrnc00000001669553610944&qH=eb4af0bf07c16429
109,Nokia 105 PLUS,"₹1,399",/nokia-105-plus/p/itmdc69bb20c060e?pid=MOBGDMFZWNGKKNRX&lid=LSTMOBGDMFZWNGKKNRXWWBRTK&marketplace=FLIPKART&q=mobiles&store=tyy%2F4io&srno=s_5_110&otracker=search&fm=organic&iid=a718c401-3b36-40ec-9dd2-45cfab95443a.MOBGDMFZWNGKKNRX.SEARCH&ppt=None&ppn=None&ssid=zd6ghyrnc00000001669553610944&qH=eb4af0bf07c16429
110,"POCO M4 Pro (Power Black, 128 GB)","₹14,999",/poco-m4-pro-power-black-128-gb/p/itm084d4c7d880f3?pid=MOBGBTHFNDZUUYRH&lid=LSTMOBGBTHFNDZUUYRHEZQNQJ&marketplace=FLIPKART&q=mobiles&store=tyy%2F4io&srno=s_5_111&otracker=search&fm=organic&iid=a718c401-3b36-40ec-9dd2-45cfab95443a.MOBGBTHFNDZUUYRH.SEARCH&ppt=None&ppn=None&ssid=zd6ghyrnc00000001669553610944&qH=eb4af0bf07c16429
111,Nokia 105 PLUS,"₹1,399",/nokia-105-plus/p/itmdc69bb20c060e?pid=MOBGDMFZM22DS8Y7&lid=LSTMOBGDMFZM22DS8Y77S3TYG&marketplace=FLIPKART&q=mobiles&store=tyy%2F4io&srno=s_5_112&otracker=search&fm=organic&iid=a718c401-3b36-40ec-9dd2-45cfab95443a.MOBGDMFZM22DS8Y7.SEARCH&ppt=None&ppn=None&ssid=zd6ghyrnc00000001669553610944&qH=eb4af0bf07c16429
112,"REDMI 9i Sport (Carbon Black, 64 GB)","₹7,999",/redmi-9i-sport-carbon-black-64-gb/p/itm17ed463dc779a?pid=MOBG6WQWRGRRDBH6&lid=LSTMOBG6WQWRGRRDBH6MSMKC8&marketplace=FLIPKART&q=mobiles&store=tyy%2F4io&srno=s_5_113&otracker=search&fm=organic&iid=a718c401-3b36-40ec-9dd2-45cfab95443a.MOBG6WQWRGRRDBH6.SEARCH&ppt=None&ppn=None&ssid=zd6ghyrnc00000001669553610944&qH=eb4af0bf07c16429
113,"SAMSUNG Galaxy M33 5G (Deep Ocean Blue, 128 GB)","₹17,490",/samsung-galaxy-m33-5g-deep-ocean-blue-128-gb/p/itm6fafe6189184d?pid=MOBGHXQYSY3Q5PQK&lid=LSTMOBGHXQYSY3Q5PQKI8KFDC&marketplace=FLIPKART&q=mobiles&store=tyy%2F4io&srno=s_5_114&otracker=search&fm=organic&iid=a718c401-3b36-40ec-9dd2-45cfab95443a.MOBGHXQYSY3Q5PQK.SEARCH&ppt=None&ppn=None&ssid=zd6ghyrnc00000001669553610944&qH=eb4af0bf07c16429
114,"POCO M4 Pro 5G (Cool Blue, 128 GB)","₹15,999",/poco-m4-pro-5g-cool-blue-128-gb/p/itma0904b0c413a4?pid=MOBGBEU7BGWZNBYY&lid=LSTMOBGBEU7BGWZNBYYXGBTUG&marketplace=FLIPKART&q=mobiles&store=tyy%2F4io&srno=s_5_115&otracker=search&fm=organic&iid=a718c401-3b36-40ec-9dd2-45cfab95443a.MOBGBEU7BGWZNBYY.SEARCH&ppt=None&ppn=None&ssid=zd6ghyrnc00000001669553610944&qH=eb4af0bf07c16429
115,"POCO M4 5G (Power Black, 128 GB)","₹13,999",/poco-m4-5g-power-black-128-gb/p/itm967111aabdc3f?pid=MOBGDRGPQQGTRXU9&lid=LSTMOBGDRGPQQGTRXU9JU154S&marketplace=FLIPKART&q=mobiles&store=tyy%2F4io&srno=s_5_116&otracker=search&fm=organic&iid=a718c401-3b36-40ec-9dd2-45cfab95443a.MOBGDRGPQQGTRXU9.SEARCH&ppt=None&ppn=None&ssid=zd6ghyrnc00000001669553610944&qH=eb4af0bf07c16429
116,"POCO M4 Pro (Yellow, 64 GB)","₹12,999",/poco-m4-pro-yellow-64-gb/p/itm1dda9769e7dd9?pid=MOBGBTHFHHZ9XVKM&lid=LSTMOBGBTHFHHZ9XVKMYAEZ7Z&marketplace=FLIPKART&q=mobiles&store=tyy%2F4io&srno=s_5_117&otracker=search&fm=organic&iid=a718c401-3b36-40ec-9dd2-45cfab95443a.MOBGBTHFHHZ9XVKM.SEARCH&ppt=None&ppn=None&ssid=zd6ghyrnc00000001669553610944&qH=eb4af0bf07c16429
117,"POCO M4 Pro (Power Black, 128 GB)","₹13,999",/poco-m4-pro-power-black-128-gb/p/itm4712e841d3458?pid=MOBGBTHFZ2GUW4MH&lid=LSTMOBGBTHFZ2GUW4MHSCFWBS&marketplace=FLIPKART&q=mobiles&store=tyy%2F4io&srno=s_5_118&otracker=search&fm=organic&iid=a718c401-3b36-40ec-9dd2-45cfab95443a.MOBGBTHFZ2GUW4MH.SEARCH&ppt=None&ppn=None&ssid=zd6ghyrnc00000001669553610944&qH=eb4af0bf07c16429
118,"OPPO K10 (Black Carbon, 128 GB)","₹16,990",/oppo-k10-black-carbon-128-gb/p/itm6205e7e72fe0c?pid=MOBGCFUHRXHPKEFH&lid=LSTMOBGCFUHRXHPKEFHTTMTG5&marketplace=FLIPKART&q=mobiles&store=tyy%2F4io&srno=s_5_119&otracker=search&fm=organic&iid=a718c401-3b36-40ec-9dd2-45cfab95443a.MOBGCFUHRXHPKEFH.SEARCH&ppt=None&ppn=None&ssid=zd6ghyrnc00000001669553610944&qH=eb4af0bf07c16429
119,"MOTOROLA g31 (Baby Blue, 64 GB)","₹10,499",/motorola-g31-baby-blue-64-gb/p/itm79b9c53dd7e64?pid=MOBG3E8WH8DCRM8H&lid=LSTMOBG3E8WH8DCRM8H2NM88Z&marketplace=FLIPKART&q=mobiles&store=tyy%2F4io&srno=s_5_120&otracker=search&fm=organic&iid=a718c401-3b36-40ec-9dd2-45cfab95443a.MOBG3E8WH8DCRM8H.SEARCH&ppt=None&ppn=None&ssid=zd6ghyrnc00000001669553610944&qH=eb4af0bf07c16429
120,"POCO M4 Pro (Yellow, 64 GB)","₹12,999",/poco-m4-pro-yellow-64-gb/p/itm1dda9769e7dd9?pid=MOBGBTHFHHZ9XVKM&lid=LSTMOBGBTHFHHZ9XVKMYAEZ7Z&marketplace=FLIPKART&q=mobiles&store=tyy%2F4io&srno=s_6_121&otracker=search&fm=organic&iid=52fc3ed8-c70f-4ef7-b8c5-331777e2fe81.MOBGBTHFHHZ9XVKM.SEARCH&ppt=None&ppn=None&ssid=jm3gmsc8kw0000001669553611870&qH=eb4af0bf07c16429
121,"POCO M4 5G (Power Black, 128 GB)","₹13,999",/poco-m4-5g-power-black-128-gb/p/itm967111aabdc3f?pid=MOBGDRGPQQGTRXU9&lid=LSTMOBGDRGPQQGTRXU9JU154S&marketplace=FLIPKART&q=mobiles&store=tyy%2F4io&srno=s_6_122&otracker=search&fm=organic&iid=52fc3ed8-c70f-4ef7-b8c5-331777e2fe81.MOBGDRGPQQGTRXU9.SEARCH&ppt=None&ppn=None&ssid=jm3gmsc8kw0000001669553611870&qH=eb4af0bf07c16429
122,"OPPO K10 (Black Carbon, 128 GB)","₹16,990",/oppo-k10-black-carbon-128-gb/p/itm6205e7e72fe0c?pid=MOBGCFUHRXHPKEFH&lid=LSTMOBGCFUHRXHPKEFHTTMTG5&marketplace=FLIPKART&q=mobiles&store=tyy%2F4io&srno=s_6_123&otracker=search&fm=organic&iid=52fc3ed8-c70f-4ef7-b8c5-331777e2fe81.MOBGCFUHRXHPKEFH.SEARCH&ppt=None&ppn=None&ssid=jm3gmsc8kw0000001669553611870&qH=eb4af0bf07c16429
123,"realme Narzo 50 (Speed Black, 128 GB)","₹13,499",/realme-narzo-50-speed-black-128-gb/p/itm9d47ef5d10145?pid=MOBGC2E7VUH9YBWT&lid=LSTMOBGC2E7VUH9YBWTOUJHTF&marketplace=FLIPKART&q=mobiles&store=tyy%2F4io&srno=s_6_124&otracker=search&fm=organic&iid=52fc3ed8-c70f-4ef7-b8c5-331777e2fe81.MOBGC2E7VUH9YBWT.SEARCH&ppt=None&ppn=None&ssid=jm3gmsc8kw0000001669553611870&qH=eb4af0bf07c16429
124,"POCO M4 Pro 5G (Yellow, 128 GB)","₹14,999",/poco-m4-pro-5g-yellow-128-gb/p/itme2c365d979338?pid=MOBGBEU99VVSJWG6&lid=LSTMOBGBEU99VVSJWG6JHNSLR&marketplace=FLIPKART&q=mobiles&store=tyy%2F4io&srno=s_6_125&otracker=search&fm=organic&iid=52fc3ed8-c70f-4ef7-b8c5-331777e2fe81.MOBGBEU99VVSJWG6.SEARCH&ppt=None&ppn=None&ssid=jm3gmsc8kw0000001669553611870&qH=eb4af0bf07c16429
125,"POCO X4 Pro 5G (Laser Black, 128 GB)","₹19,999",/poco-x4-pro-5g-laser-black-128-gb/p/itm6aa3ec25a936c?pid=MOBGCGZZRNHF7NSD&lid=LSTMOBGCGZZRNHF7NSDI19U4J&marketplace=FLIPKART&q=mobiles&store=tyy%2F4io&srno=s_6_126&otracker=search&fm=organic&iid=52fc3ed8-c70f-4ef7-b8c5-331777e2fe81.MOBGCGZZRNHF7NSD.SEARCH&ppt=None&ppn=None&ssid=jm3gmsc8kw0000001669553611870&qH=eb4af0bf07c16429
126,"realme C35 (Glowing Green, 128 GB)","₹13,999",/realme-c35-glowing-green-128-gb/p/itmafb045222b2cf?pid=MOBGFJ35ZHFDPU4Y&lid=LSTMOBGFJ35ZHFDPU4YSUHJFM&marketplace=FLIPKART&q=mobiles&store=tyy%2F4io&srno=s_6_127&otracker=search&fm=organic&iid=52fc3ed8-c70f-4ef7-b8c5-331777e2fe81.MOBGFJ35ZHFDPU4Y.SEARCH&ppt=None&ppn=None&ssid=jm3gmsc8kw0000001669553611870&qH=eb4af0bf07c16429
127,"realme 9 (Stargaze White, 128 GB)","₹16,999",/realme-9-stargaze-white-128-gb/p/itm73722a6d35d36?pid=MOBGDYSHUGUDPEY4&lid=LSTMOBGDYSHUGUDPEY4WU2LUC&marketplace=FLIPKART&q=mobiles&store=tyy%2F4io&srno=s_6_128&otracker=search&fm=organic&iid=52fc3ed8-c70f-4ef7-b8c5-331777e2fe81.MOBGDYSHUGUDPEY4.SEARCH&ppt=None&ppn=None&ssid=jm3gmsc8kw0000001669553611870&qH=eb4af0bf07c16429
128,"APPLE iPhone 11 (Purple, 64 GB)","₹39,999",/apple-iphone-11-purple-64-gb/p/itm2b8d03427ddac?pid=MOBFWQ6BTFFJKGKE&lid=LSTMOBFWQ6BTFFJKGKEPGQVOJ&marketplace=FLIPKART&q=mobiles&store=tyy%2F4io&srno=s_6_129&otracker=search&fm=organic&iid=52fc3ed8-c70f-4ef7-b8c5-331777e2fe81.MOBFWQ6BTFFJKGKE.SEARCH&ppt=None&ppn=None&ssid=jm3gmsc8kw0000001669553611870&qH=eb4af0bf07c16429
129,SAMSUNG GT-E1215,"₹1,597",/samsung-gt-e1215/p/itmc3b5119c0f7db?pid=MOBDADMTTV7HXGTF&lid=LSTMOBDADMTTV7HXGTFLKNDAC&marketplace=FLIPKART&q=mobiles&store=tyy%2F4io&srno=s_6_130&otracker=search&fm=organic&iid=52fc3ed8-c70f-4ef7-b8c5-331777e2fe81.MOBDADMTTV7HXGTF.SEARCH&ppt=None&ppn=None&ssid=jm3gmsc8kw0000001669553611870&qH=eb4af0bf07c16429
130,"Infinix Hot 11S (Green Wave, 128 GB)","₹9,999",/infinix-hot-11s-green-wave-128-gb/p/itm89f2c3f6ece7e?pid=MOBG9BGWXNCDD4HY&lid=LSTMOBG9BGWXNCDD4HY4X8VFF&marketplace=FLIPKART&q=mobiles&store=tyy%2F4io&srno=s_6_131&otracker=search&fm=organic&iid=52fc3ed8-c70f-4ef7-b8c5-331777e2fe81.MOBG9BGWXNCDD4HY.SEARCH&ppt=None&ppn=None&ssid=jm3gmsc8kw0000001669553611870&qH=eb4af0bf07c16429
131,"Infinix Smart 6 (Polar Black, 64 GB)","₹6,499",/infinix-smart-6-polar-black-64-gb/p/itmd4041ce33d262?pid=MOBGDC6HZHYVX96A&lid=LSTMOBGDC6HZHYVX96AHNLOZE&marketplace=FLIPKART&q=mobiles&store=tyy%2F4io&srno=s_6_132&otracker=search&fm=organic&iid=52fc3ed8-c70f-4ef7-b8c5-331777e2fe81.MOBGDC6HZHYVX96A.SEARCH&ppt=None&ppn=None&ssid=jm3gmsc8kw0000001669553611870&qH=eb4af0bf07c16429
132,"OPPO F19 (Midnight Blue, 128 GB)","₹14,990",/oppo-f19-midnight-blue-128-gb/p/itm82f60569dc6db?pid=MOBGFGWNEYV3NZBV&lid=LSTMOBGFGWNEYV3NZBVFZZVNZ&marketplace=FLIPKART&q=mobiles&store=tyy%2F4io&srno=s_6_133&otracker=search&fm=organic&iid=52fc3ed8-c70f-4ef7-b8c5-331777e2fe81.MOBGFGWNEYV3NZBV.SEARCH&ppt=None&ppn=None&ssid=jm3gmsc8kw0000001669553611870&qH=eb4af0bf07c16429
133,GFive K2,₹749,/gfive-k2/p/itm03521b2611248?pid=MOBGH7YZYPYRYKXV&lid=LSTMOBGH7YZYPYRYKXV6JKFAS&marketplace=FLIPKART&q=mobiles&store=tyy%2F4io&srno=s_6_134&otracker=search&fm=organic&iid=52fc3ed8-c70f-4ef7-b8c5-331777e2fe81.MOBGH7YZYPYRYKXV.SEARCH&ppt=None&ppn=None&ssid=jm3gmsc8kw0000001669553611870&qH=eb4af0bf07c16429
134,"Infinix Hot 12 (Turquoise Cyan, 64 GB)","₹8,799",/infinix-hot-12-turquoise-cyan-64-gb/p/itm2dedd3ceae379?pid=MOBGHY3Z6GKFAFJM&lid=LSTMOBGHY3Z6GKFAFJMPS2JBW&marketplace=FLIPKART&q=mobiles&store=tyy%2F4io&srno=s_6_135&otracker=search&fm=organic&iid=52fc3ed8-c70f-4ef7-b8c5-331777e2fe81.MOBGHY3Z6GKFAFJM.SEARCH&ppt=None&ppn=None&ssid=jm3gmsc8kw0000001669553611870&qH=eb4af0bf07c16429
135,"Infinix Hot 12 (Exploratory Blue, 64 GB)","₹8,799",/infinix-hot-12-exploratory-blue-64-gb/p/itm2dedd3ceae379?pid=MOBGHY3ZZNPU26HB&lid=LSTMOBGHY3ZZNPU26HBXFOZSZ&marketplace=FLIPKART&q=mobiles&store=tyy%2F4io&srno=s_6_136&otracker=search&fm=organic&iid=52fc3ed8-c70f-4ef7-b8c5-331777e2fe81.MOBGHY3ZZNPU26HB.SEARCH&ppt=None&ppn=None&ssid=jm3gmsc8kw0000001669553611870&qH=eb4af0bf07c16429
136,"Infinix Hot 12 (7° Purple, 64 GB)","₹8,799",/infinix-hot-12-7-purple-64-gb/p/itm2dedd3ceae379?pid=MOBGHY3ZGCPGJHQZ&lid=LSTMOBGHY3ZGCPGJHQZEDNIE6&marketplace=FLIPKART&q=mobiles&store=tyy%2F4io&srno=s_6_137&otracker=search&fm=organic&iid=52fc3ed8-c70f-4ef7-b8c5-331777e2fe81.MOBGHY3ZGCPGJHQZ.SEARCH&ppt=None&ppn=None&ssid=jm3gmsc8kw0000001669553611870&qH=eb4af0bf07c16429
137,"MOTOROLA Edge 30 Fusion (Cosmic grey, 128 GB)","₹39,999",/motorola-edge-30-fusion-cosmic-grey-128-gb/p/itmcc103ec39dbdf?pid=MOBGFGM2XEFCJYQF&lid=LSTMOBGFGM2XEFCJYQFLXCJS0&marketplace=FLIPKART&q=mobiles&store=tyy%2F4io&srno=s_6_138&otracker=search&fm=organic&iid=52fc3ed8-c70f-4ef7-b8c5-331777e2fe81.MOBGFGM2XEFCJYQF.SEARCH&ppt=None&ppn=None&ssid=jm3gmsc8kw0000001669553611870&qH=eb4af0bf07c16429
138,"realme 9 Pro 5G (Midnight Black, 128 GB)","₹18,999",/realme-9-pro-5g-midnight-black-128-gb/p/itmce357e4a0ca24?pid=MOBGB4ZYFFAQNSPF&lid=LSTMOBGB4ZYFFAQNSPFHMIA5H&marketplace=FLIPKART&q=mobiles&store=tyy%2F4io&srno=s_6_139&otracker=search&fm=organic&iid=52fc3ed8-c70f-4ef7-b8c5-331777e2fe81.MOBGB4ZYFFAQNSPF.SEARCH&ppt=None&ppn=None&ssid=jm3gmsc8kw0000001669553611870&qH=eb4af0bf07c16429
139,"REDMI 10 Prime (Astral White, 128 GB)","₹12,999",/redmi-10-prime-astral-white-128-gb/p/itm9377b4c936baa?pid=MOBG6RGJGTKTUVD9&lid=LSTMOBG6RGJGTKTUVD9EOROMH&marketplace=FLIPKART&q=mobiles&store=tyy%2F4io&srno=s_6_140&otracker=search&fm=organic&iid=52fc3ed8-c70f-4ef7-b8c5-331777e2fe81.MOBG6RGJGTKTUVD9.SEARCH&ppt=None&ppn=None&ssid=jm3gmsc8kw0000001669553611870&qH=eb4af0bf07c16429
140,"REDMI 10 Prime (Bifrost Blue, 128 GB)","₹13,390",/redmi-10-prime-bifrost-blue-128-gb/p/itm9377b4c936baa?pid=MOBG6PB47FHHGTZN&lid=LSTMOBG6PB47FHHGTZNRT7D3X&marketplace=FLIPKART&q=mobiles&store=tyy%2F4io&srno=s_6_141&otracker=search&fm=organic&iid=52fc3ed8-c70f-4ef7-b8c5-331777e2fe81.MOBG6PB47FHHGTZN.SEARCH&ppt=None&ppn=None&ssid=jm3gmsc8kw0000001669553611870&qH=eb4af0bf07c16429
141,LAVA A3,"₹1,212",/lava-a3/p/itma768345a8b2ca?pid=MOBFFTG39EVNDGH8&lid=LSTMOBFFTG39EVNDGH8PX1DAM&marketplace=FLIPKART&q=mobiles&store=tyy%2F4io&srno=s_6_142&otracker=search&fm=organic&iid=52fc3ed8-c70f-4ef7-b8c5-331777e2fe81.MOBFFTG39EVNDGH8.SEARCH&ppt=None&ppn=None&ssid=jm3gmsc8kw0000001669553611870&qH=eb4af0bf07c16429
142,"Infinix Note 12 (Force Black, 64 GB)","₹9,999",/infinix-note-12-force-black-64-gb/p/itm8d7ef81209637?pid=MOBGE5X3YU5QSUYA&lid=LSTMOBGE5X3YU5QSUYAQZTSON&marketplace=FLIPKART&q=mobiles&store=tyy%2F4io&srno=s_6_143&otracker=search&fm=organic&iid=52fc3ed8-c70f-4ef7-b8c5-331777e2fe81.MOBGE5X3YU5QSUYA.SEARCH&ppt=None&ppn=None&ssid=jm3gmsc8kw0000001669553611870&qH=eb4af0bf07c16429
143,"APPLE iPhone 13 ((PRODUCT)RED, 128 GB)","₹65,999",/apple-iphone-13-product-red-128-gb/p/itm99b5658d148b0?pid=MOBG6VF59ZFEPEBX&lid=LSTMOBG6VF59ZFEPEBXLWTMMU&marketplace=FLIPKART&q=mobiles&store=tyy%2F4io&srno=s_6_144&otracker=search&fm=organic&iid=52fc3ed8-c70f-4ef7-b8c5-331777e2fe81.MOBG6VF59ZFEPEBX.SEARCH&ppt=None&ppn=None&ssid=jm3gmsc8kw0000001669553611870&qH=eb4af0bf07c16429
144,"MOTOROLA g22 (Iceberg Blue, 64 GB)","₹9,999",/motorola-g22-iceberg-blue-64-gb/p/itm7f1a0858d82f0?pid=MOBGAKFYUEH8DEFZ&lid=LSTMOBGAKFYUEH8DEFZGXNNAX&marketplace=FLIPKART&q=mobiles&store=tyy%2F4io&srno=s_7_145&otracker=search&fm=organic&iid=7b66b78e-c7ae-4bea-a37f-451b463d61f3.MOBGAKFYUEH8DEFZ.SEARCH&ppt=None&ppn=None&ssid=w5a5po5n680000001669553612748&qH=eb4af0bf07c16429
145,"MOTOROLA G62 5G (Frosted Blue, 128 GB)","₹15,999",/motorola-g62-5g-frosted-blue-128-gb/p/itm556a0153d9a10?pid=MOBGEDT5YQ2YFVTQ&lid=LSTMOBGEDT5YQ2YFVTQQ0KAIT&marketplace=FLIPKART&q=mobiles&store=tyy%2F4io&srno=s_7_146&otracker=search&fm=organic&iid=7b66b78e-c7ae-4bea-a37f-451b463d61f3.MOBGEDT5YQ2YFVTQ.SEARCH&ppt=None&ppn=None&ssid=w5a5po5n680000001669553612748&qH=eb4af0bf07c16429
146,"realme Narzo 50 (Speed Blue, 128 GB)","₹13,499",/realme-narzo-50-speed-blue-128-gb/p/itm9d47ef5d10145?pid=MOBGC2E7KHZD6MDD&lid=LSTMOBGC2E7KHZD6MDDUKG4CJ&marketplace=FLIPKART&q=mobiles&store=tyy%2F4io&srno=s_7_147&otracker=search&fm=organic&iid=7b66b78e-c7ae-4bea-a37f-451b463d61f3.MOBGC2E7KHZD6MDD.SEARCH&ppt=None&ppn=None&ssid=w5a5po5n680000001669553612748&qH=eb4af0bf07c16429
147,MU M370,"₹1,290",/mu-m370/p/itm4f51b8bec460f?pid=MOBFSMQZFNBZBTGV&lid=LSTMOBFSMQZFNBZBTGVU4ZZML&marketplace=FLIPKART&q=mobiles&store=tyy%2F4io&srno=s_7_148&otracker=search&fm=organic&iid=en_erDsyIT0af3iCsvAf7Pm6t4yS%2B3Q91bz18xbAvhUFPpJsimToxqISk8d%2FNMs6ay1U7a1syztIGC2UpjYedPZHw%3D%3D&ppt=None&ppn=None&ssid=w5a5po5n680000001669553612748&qH=eb4af0bf07c16429
148,"realme Narzo 50 (Speed Blue, 64 GB)","₹10,999",/realme-narzo-50-speed-blue-64-gb/p/itm9d47ef5d10145?pid=MOBGC2E72ZFW9HBY&lid=LSTMOBGC2E72ZFW9HBYXHSNSR&marketplace=FLIPKART&q=mobiles&store=tyy%2F4io&srno=s_7_149&otracker=search&fm=organic&iid=7b66b78e-c7ae-4bea-a37f-451b463d61f3.MOBGC2E72ZFW9HBY.SEARCH&ppt=None&ppn=None&ssid=w5a5po5n680000001669553612748&qH=eb4af0bf07c16429
149,"SAMSUNG Galaxy S21 FE 5G (Lavender, 128 GB)","₹39,999",/samsung-galaxy-s21-fe-5g-lavender-128-gb/p/itm3b094762fb621?pid=MOBGBNBDZJ5Q3RXK&lid=LSTMOBGBNBDZJ5Q3RXKUCNNBS&marketplace=FLIPKART&q=mobiles&store=tyy%2F4io&srno=s_7_150&otracker=search&fm=organic&iid=7b66b78e-c7ae-4bea-a37f-451b463d61f3.MOBGBNBDZJ5Q3RXK.SEARCH&ppt=None&ppn=None&ssid=w5a5po5n680000001669553612748&qH=eb4af0bf07c16429
150,"REDMI 9i Sport (Metallic Blue, 64 GB)","₹7,999",/redmi-9i-sport-metallic-blue-64-gb/p/itmeb95d0b4616cc?pid=MOBG6WQWQZZMGQCU&lid=LSTMOBG6WQWQZZMGQCUXA6EPW&marketplace=FLIPKART&q=mobiles&store=tyy%2F4io&srno=s_7_151&otracker=search&fm=organic&iid=7b66b78e-c7ae-4bea-a37f-451b463d61f3.MOBG6WQWQZZMGQCU.SEARCH&ppt=None&ppn=None&ssid=w5a5po5n680000001669553612748&qH=eb4af0bf07c16429
151,"MOTOROLA g52 (Charcoal Grey, 64 GB)","₹12,999",/motorola-g52-charcoal-grey-64-gb/p/itm8a96aeaed01c9?pid=MOBGAKFYTDHBAVV3&lid=LSTMOBGAKFYTDHBAVV3DIHRE1&marketplace=FLIPKART&q=mobiles&store=tyy%2F4io&srno=s_7_152&otracker=search&fm=organic&iid=7b66b78e-c7ae-4bea-a37f-451b463d61f3.MOBGAKFYTDHBAVV3.SEARCH&ppt=None&ppn=None&ssid=w5a5po5n680000001669553612748&qH=eb4af0bf07c16429
152,"REDMI 9 Activ (Carbon Black, 64 GB)","₹8,278",/redmi-9-activ-carbon-black-64-gb/p/itm329ae4068c8e8?pid=MOBG78A4FDDGCXGX&lid=LSTMOBG78A4FDDGCXGX0VY86J&marketplace=FLIPKART&q=mobiles&store=tyy%2F4io&srno=s_7_153&otracker=search&fm=organic&iid=7b66b78e-c7ae-4bea-a37f-451b463d61f3.MOBG78A4FDDGCXGX.SEARCH&ppt=None&ppn=None&ssid=w5a5po5n680000001669553612748&qH=eb4af0bf07c16429
153,"MOTOROLA e32s (Slate Gray, 32 GB)","₹7,949",/motorola-e32s-slate-gray-32-gb/p/itm2d976a0518e50?pid=MOBGJMTHFESJUQBT&lid=LSTMOBGJMTHFESJUQBTTMRIPJ&marketplace=FLIPKART&q=mobiles&store=tyy%2F4io&srno=s_7_154&otracker=search&fm=organic&iid=7b66b78e-c7ae-4bea-a37f-451b463d61f3.MOBGJMTHFESJUQBT.SEARCH&ppt=None&ppn=None&ssid=w5a5po5n680000001669553612748&qH=eb4af0bf07c16429
154,"Moto G71 5G (Neptune Green, 128 GB)","₹16,999",/moto-g71-5g-neptune-green-128-gb/p/itmf4001ad9b6a40?pid=MOBG6FWD9GYP3VWJ&lid=LSTMOBG6FWD9GYP3VWJKQ1E41&marketplace=FLIPKART&q=mobiles&store=tyy%2F4io&srno=s_7_155&otracker=search&fm=organic&iid=7b66b78e-c7ae-4bea-a37f-451b463d61f3.MOBG6FWD9GYP3VWJ.SEARCH&ppt=None&ppn=None&ssid=w5a5po5n680000001669553612748&qH=eb4af0bf07c16429
155,SAMSUNG Guru Music 2,"₹1,850",/samsung-guru-music-2/p/itm49eb59fe3373a?pid=MOBE9TGVE7ZBRAEN&lid=LSTMOBE9TGVE7ZBRAENISQH05&marketplace=FLIPKART&q=mobiles&store=tyy%2F4io&srno=s_7_156&otracker=search&fm=organic&iid=7b66b78e-c7ae-4bea-a37f-451b463d61f3.MOBE9TGVE7ZBRAEN.SEARCH&ppt=None&ppn=None&ssid=w5a5po5n680000001669553612748&qH=eb4af0bf07c16429
156,"POCO M4 5G (Power Black, 64 GB)","₹11,999",/poco-m4-5g-power-black-64-gb/p/itmdca739218a8a0?pid=MOBGDRGPZTSHNQ5H&lid=LSTMOBGDRGPZTSHNQ5HUH1I7O&marketplace=FLIPKART&q=mobiles&store=tyy%2F4io&srno=s_7_157&otracker=search&fm=organic&iid=7b66b78e-c7ae-4bea-a37f-451b463d61f3.MOBGDRGPZTSHNQ5H.SEARCH&ppt=None&ppn=None&ssid=w5a5po5n680000001669553612748&qH=eb4af0bf07c16429
157,"MOTOROLA g52 (Metallic White, 64 GB)","₹12,999",/motorola-g52-metallic-white-64-gb/p/itm1efa717b16445?pid=MOBGAKFYZGXJRBTK&lid=LSTMOBGAKFYZGXJRBTKEM0ZJZ&marketplace=FLIPKART&q=mobiles&store=tyy%2F4io&srno=s_7_158&otracker=search&fm=organic&iid=7b66b78e-c7ae-4bea-a37f-451b463d61f3.MOBGAKFYZGXJRBTK.SEARCH&ppt=None&ppn=None&ssid=w5a5po5n680000001669553612748&qH=eb4af0bf07c16429
158,"POCO M4 Pro (Cool Blue, 128 GB)","₹14,999",/poco-m4-pro-cool-blue-128-gb/p/itm5f8490c5b5c0e?pid=MOBGBTHFXSFUTMWG&lid=LSTMOBGBTHFXSFUTMWGO0KNCJ&marketplace=FLIPKART&q=mobiles&store=tyy%2F4io&srno=s_7_159&otracker=search&fm=organic&iid=7b66b78e-c7ae-4bea-a37f-451b463d61f3.MOBGBTHFXSFUTMWG.SEARCH&ppt=None&ppn=None&ssid=w5a5po5n680000001669553612748&qH=eb4af0bf07c16429
159,"POCO M4 Pro 5G (Yellow, 64 GB)","₹12,999",/poco-m4-pro-5g-yellow-64-gb/p/itm0c88c16a094e4?pid=MOBGBEU9DCXFYSBV&lid=LSTMOBGBEU9DCXFYSBV1YXBSX&marketplace=FLIPKART&q=mobiles&store=tyy%2F4io&srno=s_7_160&otracker=search&fm=organic&iid=7b66b78e-c7ae-4bea-a37f-451b463d61f3.MOBGBEU9DCXFYSBV.SEARCH&ppt=None&ppn=None&ssid=w5a5po5n680000001669553612748&qH=eb4af0bf07c16429
160,"APPLE iPhone 12 Mini (Black, 128 GB)","₹44,999",/apple-iphone-12-mini-black-128-gb/p/itm0eb512c195bdf?pid=MOBFWBYZH2AMPNPD&lid=LSTMOBFWBYZH2AMPNPDMB1TEO&marketplace=FLIPKART&q=mobiles&store=tyy%2F4io&srno=s_7_161&otracker=search&fm=organic&iid=7b66b78e-c7ae-4bea-a37f-451b463d61f3.MOBFWBYZH2AMPNPD.SEARCH&ppt=None&ppn=None&ssid=w5a5po5n680000001669553612748&qH=eb4af0bf07c16429
161,"vivo T1 44W (Starry Sky, 128 GB)","₹17,999",/vivo-t1-44w-starry-sky-128-gb/p/itm2a08ebbea3689?pid=MOBGDRHVHYFKQP8K&lid=LSTMOBGDRHVHYFKQP8KYHDDNN&marketplace=FLIPKART&q=mobiles&store=tyy%2F4io&srno=s_7_162&otracker=search&fm=organic&iid=7b66b78e-c7ae-4bea-a37f-451b463d61f3.MOBGDRHVHYFKQP8K.SEARCH&ppt=None&ppn=None&ssid=w5a5po5n680000001669553612748&qH=eb4af0bf07c16429
162,"Infinix Hot 12 (Polar Black, 64 GB)","₹8,799",/infinix-hot-12-polar-black-64-gb/p/itm2dedd3ceae379?pid=MOBGHY3ZTUWT8PAS&lid=LSTMOBGHY3ZTUWT8PASHB6DYH&marketplace=FLIPKART&q=mobiles&store=tyy%2F4io&srno=s_7_163&otracker=search&fm=organic&iid=7b66b78e-c7ae-4bea-a37f-451b463d61f3.MOBGHY3ZTUWT8PAS.SEARCH&ppt=None&ppn=None&ssid=w5a5po5n680000001669553612748&qH=eb4af0bf07c16429
163,"realme 9i 5G (Soulful Blue, 64 GB)","₹14,999",/realme-9i-5g-soulful-blue-64-gb/p/itm32c638d54e6b5?pid=MOBGGHPFGD3H4MJG&lid=LSTMOBGGHPFGD3H4MJGTOYEDA&marketplace=FLIPKART&q=mobiles&store=tyy%2F4io&srno=s_7_164&otracker=search&fm=organic&iid=7b66b78e-c7ae-4bea-a37f-451b463d61f3.MOBGGHPFGD3H4MJG.SEARCH&ppt=None&ppn=None&ssid=w5a5po5n680000001669553612748&qH=eb4af0bf07c16429
164,"POCO X4 Pro 5G (Laser Blue, 128 GB)","₹19,999",/poco-x4-pro-5g-laser-blue-128-gb/p/itm9d60e637a24e9?pid=MOBGCGZZAHHCZGFZ&lid=LSTMOBGCGZZAHHCZGFZUYKRZZ&marketplace=FLIPKART&q=mobiles&store=tyy%2F4io&srno=s_7_165&otracker=search&fm=organic&iid=7b66b78e-c7ae-4bea-a37f-451b463d61f3.MOBGCGZZAHHCZGFZ.SEARCH&ppt=None&ppn=None&ssid=w5a5po5n680000001669553612748&qH=eb4af0bf07c16429
165,"REDMI 10A (Charcoal Black, 32 GB)","₹8,195",/redmi-10a-charcoal-black-32-gb/p/itm755830dd54ae1?pid=MOBGDRGHYWAAZDVD&lid=LSTMOBGDRGHYWAAZDVDUANHUR&marketplace=FLIPKART&q=mobiles&store=tyy%2F4io&srno=s_7_166&otracker=search&fm=organic&iid=7b66b78e-c7ae-4bea-a37f-451b463d61f3.MOBGDRGHYWAAZDVD.SEARCH&ppt=None&ppn=None&ssid=w5a5po5n680000001669553612748&qH=eb4af0bf07c16429
166,"realme 9i 5G (Metallica Gold, 64 GB)","₹14,999",/realme-9i-5g-metallica-gold-64-gb/p/itm32c638d54e6b5?pid=MOBGGHPF5X7EMY5H&lid=LSTMOBGGHPF5X7EMY5HSBWKBW&marketplace=FLIPKART&q=mobiles&store=tyy%2F4io&srno=s_7_167&otracker=search&fm=organic&iid=7b66b78e-c7ae-4bea-a37f-451b463d61f3.MOBGGHPF5X7EMY5H.SEARCH&ppt=None&ppn=None&ssid=w5a5po5n680000001669553612748&qH=eb4af0bf07c16429
167,"realme 9 Pro 5G (Sunrise Blue, 128 GB)","₹20,999",/realme-9-pro-5g-sunrise-blue-128-gb/p/itmce357e4a0ca24?pid=MOBGB4ZYSNJYHHQR&lid=LSTMOBGB4ZYSNJYHHQRQGLDTN&marketplace=FLIPKART&q=mobiles&store=tyy%2F4io&srno=s_7_168&otracker=search&fm=organic&iid=7b66b78e-c7ae-4bea-a37f-451b463d61f3.MOBGB4ZYSNJYHHQR.SEARCH&ppt=None&ppn=None&ssid=w5a5po5n680000001669553612748&qH=eb4af0bf07c16429
168,"vivo T1 5G (Silky White, 128 GB)","₹15,990",/vivo-t1-5g-silky-white-128-gb/p/itm594222523bd8f?pid=MOBGHNKGG77MVYBG&lid=LSTMOBGHNKGG77MVYBGQMSTRZ&marketplace=FLIPKART&q=mobiles&store=tyy%2F4io&srno=s_8_169&otracker=search&fm=organic&iid=6d8b7de0-9d4b-40a5-b969-02e173dfc8ad.MOBGHNKGG77MVYBG.SEARCH&ppt=None&ppn=None&ssid=cpkfms9lj40000001669553614014&qH=eb4af0bf07c16429
169,"realme 9 Pro 5G (Aurora Green, 128 GB)","₹18,999",/realme-9-pro-5g-aurora-green-128-gb/p/itmce357e4a0ca24?pid=MOBGB4ZYUBUYWPT4&lid=LSTMOBGB4ZYUBUYWPT4A6KTNE&marketplace=FLIPKART&q=mobiles&store=tyy%2F4io&srno=s_8_170&otracker=search&fm=organic&iid=6d8b7de0-9d4b-40a5-b969-02e173dfc8ad.MOBGB4ZYUBUYWPT4.SEARCH&ppt=None&ppn=None&ssid=cpkfms9lj40000001669553614014&qH=eb4af0bf07c16429
170,"OnePlus Nord CE 2 Lite 5G (Black Dusk, 128 GB)","₹19,897",/oneplus-nord-ce-2-lite-5g-black-dusk-128-gb/p/itm7acae55b999e6?pid=MOBGDWF8GJTFAXVH&lid=LSTMOBGDWF8GJTFAXVHDJRLWZ&marketplace=FLIPKART&q=mobiles&store=tyy%2F4io&srno=s_8_171&otracker=search&fm=organic&iid=6d8b7de0-9d4b-40a5-b969-02e173dfc8ad.MOBGDWF8GJTFAXVH.SEARCH&ppt=None&ppn=None&ssid=cpkfms9lj40000001669553614014&qH=eb4af0bf07c16429
171,MU M370,"₹1,290",/mu-m370/p/itm4f51b8bec460f?pid=MOBFSMQZFNBZBTGV&lid=LSTMOBFSMQZFNBZBTGVU4ZZML&marketplace=FLIPKART&q=mobiles&store=tyy%2F4io&srno=s_8_172&otracker=search&fm=organic&iid=en_x402EoQmoyJIF1rJ6MI0%2F4%2FmxUBkm%2BK%2BlRr7B49kMdFw1byFkdd0%2BFUfq83%2FvR0gU7a1syztIGC2UpjYedPZHw%3D%3D&ppt=None&ppn=None&ssid=cpkfms9lj40000001669553614014&qH=eb4af0bf07c16429
172,"POCO M5 (Icy Blue, 64 GB)","₹10,999",/poco-m5-icy-blue-64-gb/p/itmcc02f8aecb269?pid=MOBGHMZE5ERRQPJH&lid=LSTMOBGHMZE5ERRQPJHGJ37RN&marketplace=FLIPKART&q=mobiles&store=tyy%2F4io&srno=s_8_173&otracker=search&fm=organic&iid=6d8b7de0-9d4b-40a5-b969-02e173dfc8ad.MOBGHMZE5ERRQPJH.SEARCH&ppt=None&ppn=None&ssid=cpkfms9lj40000001669553614014&qH=eb4af0bf07c16429
173,"Infinix Hot 11 2022 (Aurora Green, 64 GB)","₹8,499",/infinix-hot-11-2022-aurora-green-64-gb/p/itm196d12b3f4f87?pid=MOBGCC7DGYUQKZHM&lid=LSTMOBGCC7DGYUQKZHMK5NPSE&marketplace=FLIPKART&q=mobiles&store=tyy%2F4io&srno=s_8_174&otracker=search&fm=organic&iid=6d8b7de0-9d4b-40a5-b969-02e173dfc8ad.MOBGCC7DGYUQKZHM.SEARCH&ppt=None&ppn=None&ssid=cpkfms9lj40000001669553614014&qH=eb4af0bf07c16429
174,"vivo V23e 5G (Sunshine Gold, 128 GB)","₹24,389",/vivo-v23e-5g-sunshine-gold-128-gb/p/itm90d9df020a3d3?pid=MOBGBMKTFKGWS3YB&lid=LSTMOBGBMKTFKGWS3YB8RIF8M&marketplace=FLIPKART&q=mobiles&store=tyy%2F4io&srno=s_8_175&otracker=search&fm=organic&iid=6d8b7de0-9d4b-40a5-b969-02e173dfc8ad.MOBGBMKTFKGWS3YB.SEARCH&ppt=None&ppn=None&ssid=cpkfms9lj40000001669553614014&qH=eb4af0bf07c16429
175,"APPLE iPhone 11 (Green, 64 GB)","₹39,999",/apple-iphone-11-green-64-gb/p/itm386a85013a3d1?pid=MOBFWQ6BHPMG29QM&lid=LSTMOBFWQ6BHPMG29QMMGHL6F&marketplace=FLIPKART&q=mobiles&store=tyy%2F4io&srno=s_8_176&otracker=search&fm=organic&iid=6d8b7de0-9d4b-40a5-b969-02e173dfc8ad.MOBFWQ6BHPMG29QM.SEARCH&ppt=None&ppn=None&ssid=cpkfms9lj40000001669553614014&qH=eb4af0bf07c16429
176,LAVA A1 Josh 2021,"₹1,055",/lava-a1-josh-2021/p/itm1a7c45d3437e1?pid=MOBG5JYQUHGSHHSA&lid=LSTMOBG5JYQUHGSHHSAAVGZWK&marketplace=FLIPKART&q=mobiles&store=tyy%2F4io&srno=s_8_177&otracker=search&fm=organic&iid=6d8b7de0-9d4b-40a5-b969-02e173dfc8ad.MOBG5JYQUHGSHHSA.SEARCH&ppt=None&ppn=None&ssid=cpkfms9lj40000001669553614014&qH=eb4af0bf07c16429
177,SAMSUNG GT-E1215ZWAINS,"₹1,299",/samsung-gt-e1215zwains/p/itm07fe3608825e0?pid=MOBDADKKAEHYYA3G&lid=LSTMOBDADKKAEHYYA3GOCHM3X&marketplace=FLIPKART&q=mobiles&store=tyy%2F4io&srno=s_8_178&otracker=search&fm=organic&iid=6d8b7de0-9d4b-40a5-b969-02e173dfc8ad.MOBDADKKAEHYYA3G.SEARCH&ppt=None&ppn=None&ssid=cpkfms9lj40000001669553614014&qH=eb4af0bf07c16429
178,Micromax X412,₹955,/micromax-x412/p/itm1d1df2e8a9012?pid=MOBFJXFH6QUFHXKV&lid=LSTMOBFJXFH6QUFHXKVEQFVJO&marketplace=FLIPKART&q=mobiles&store=tyy%2F4io&srno=s_8_179&otracker=search&fm=organic&iid=6d8b7de0-9d4b-40a5-b969-02e173dfc8ad.MOBFJXFH6QUFHXKV.SEARCH&ppt=None&ppn=None&ssid=cpkfms9lj40000001669553614014&qH=eb4af0bf07c16429
179,Micromax X412,₹955,/micromax-x412/p/itm1d1df2e8a9012?pid=MOBFGWJHDFJHFGZF&lid=LSTMOBFGWJHDFJHFGZFRCTR2G&marketplace=FLIPKART&q=mobiles&store=tyy%2F4io&srno=s_8_180&otracker=search&fm=organic&iid=6d8b7de0-9d4b-40a5-b969-02e173dfc8ad.MOBFGWJHDFJHFGZF.SEARCH&ppt=None&ppn=None&ssid=cpkfms9lj40000001669553614014&qH=eb4af0bf07c16429
180,"MOTOROLA g82 5G (Meterorite Grey, 128 GB)","₹19,999",/motorola-g82-5g-meterorite-grey-128-gb/p/itmed601beb0febc?pid=MOBGBEU7RTZFGZUQ&lid=LSTMOBGBEU7RTZFGZUQ85TLRN&marketplace=FLIPKART&q=mobiles&store=tyy%2F4io&srno=s_8_181&otracker=search&fm=organic&iid=6d8b7de0-9d4b-40a5-b969-02e173dfc8ad.MOBGBEU7RTZFGZUQ.SEARCH&ppt=None&ppn=None&ssid=cpkfms9lj40000001669553614014&qH=eb4af0bf07c16429
181,"Google Pixel 7 (Obsidian, 128 GB)","₹59,999",/google-pixel-7-obsidian-128-gb/p/itm45d75002be0e7?pid=MOBGHW44NHFZJN6N&lid=LSTMOBGHW44NHFZJN6NICUEYB&marketplace=FLIPKART&q=mobiles&store=tyy%2F4io&srno=s_8_182&otracker=search&fm=organic&iid=6d8b7de0-9d4b-40a5-b969-02e173dfc8ad.MOBGHW44NHFZJN6N.SEARCH&ppt=None&ppn=None&ssid=cpkfms9lj40000001669553614014&qH=eb4af0bf07c16429
182,"Infinix Hot 12 Pro (Lightsaber Green, 64 GB)","₹9,999",/infinix-hot-12-pro-lightsaber-green-64-gb/p/itma4cb88f2b0117?pid=MOBGGMHWTUSCKEJ5&lid=LSTMOBGGMHWTUSCKEJ5016HEM&marketplace=FLIPKART&q=mobiles&store=tyy%2F4io&srno=s_8_183&otracker=search&fm=organic&iid=6d8b7de0-9d4b-40a5-b969-02e173dfc8ad.MOBGGMHWTUSCKEJ5.SEARCH&ppt=None&ppn=None&ssid=cpkfms9lj40000001669553614014&qH=eb4af0bf07c16429
183,"APPLE iPhone 11 (Black, 128 GB)","₹48,900",/apple-iphone-11-black-128-gb/p/itm8244e8d955aba?pid=MOBFWQ6BKRYBP5X8&lid=LSTMOBFWQ6BKRYBP5X8IBG6BS&marketplace=FLIPKART&q=mobiles&store=tyy%2F4io&srno=s_8_184&otracker=search&fm=organic&iid=6d8b7de0-9d4b-40a5-b969-02e173dfc8ad.MOBFWQ6BKRYBP5X8.SEARCH&ppt=None&ppn=None&ssid=cpkfms9lj40000001669553614014&qH=eb4af0bf07c16429
184,"IQOO Z6 Lite 5G (Without Charger) (Stellar Green, 64 GB)","₹14,312",/iqoo-z6-lite-5g-without-charger-stellar-green-64-gb/p/itm88d04cfbbe289?pid=MOBGHYMGMGFJ846F&lid=LSTMOBGHYMGMGFJ846FCTLS1Y&marketplace=FLIPKART&q=mobiles&store=tyy%2F4io&srno=s_8_185&otracker=search&fm=organic&iid=6d8b7de0-9d4b-40a5-b969-02e173dfc8ad.MOBGHYMGMGFJ846F.SEARCH&ppt=None&ppn=None&ssid=cpkfms9lj40000001669553614014&qH=eb4af0bf07c16429
185,"OPPO F19 Pro+ 5G (Space Silver, 128 GB)","₹17,990",/oppo-f19-pro-5g-space-silver-128-gb/p/itmd90acf0f30ad6?pid=MOBGFUZ4ARZ5SPGT&lid=LSTMOBGFUZ4ARZ5SPGT9BXTWL&marketplace=FLIPKART&q=mobiles&store=tyy%2F4io&srno=s_8_186&otracker=search&fm=organic&iid=6d8b7de0-9d4b-40a5-b969-02e173dfc8ad.MOBGFUZ4ARZ5SPGT.SEARCH&ppt=None&ppn=None&ssid=cpkfms9lj40000001669553614014&qH=eb4af0bf07c16429
186,"IQOO 7 5G (Monster Orange, 128 GB)","₹24,799",/iqoo-7-5g-monster-orange-128-gb/p/itm2da2b513d94a8?pid=MOBGCPWSHEJ4A9XJ&lid=LSTMOBGCPWSHEJ4A9XJXJBHV8&marketplace=FLIPKART&q=mobiles&store=tyy%2F4io&srno=s_8_187&otracker=search&fm=organic&iid=6d8b7de0-9d4b-40a5-b969-02e173dfc8ad.MOBGCPWSHEJ4A9XJ.SEARCH&ppt=None&ppn=None&ssid=cpkfms9lj40000001669553614014&qH=eb4af0bf07c16429
187,"MOTOROLA e32s (Misty Silver, 32 GB)","₹7,921",/motorola-e32s-misty-silver-32-gb/p/itmafb0a6b7ffa25?pid=MOBGDTTY7VAXSTYP&lid=LSTMOBGDTTY7VAXSTYPE2XZPW&marketplace=FLIPKART&q=mobiles&store=tyy%2F4io&srno=s_8_188&otracker=search&fm=organic&iid=6d8b7de0-9d4b-40a5-b969-02e173dfc8ad.MOBGDTTY7VAXSTYP.SEARCH&ppt=None&ppn=None&ssid=cpkfms9lj40000001669553614014&qH=eb4af0bf07c16429
188,"realme 9 (Stargaze White, 128 GB)","₹17,999",/realme-9-stargaze-white-128-gb/p/itm73722a6d35d36?pid=MOBGDYSHHURXMSH6&lid=LSTMOBGDYSHHURXMSH6QKOOH7&marketplace=FLIPKART&q=mobiles&store=tyy%2F4io&srno=s_8_189&otracker=search&fm=organic&iid=6d8b7de0-9d4b-40a5-b969-02e173dfc8ad.MOBGDYSHHURXMSH6.SEARCH&ppt=None&ppn=None&ssid=cpkfms9lj40000001669553614014&qH=eb4af0bf07c16429
189,"realme 9 (Meteor Black, 128 GB)","₹17,999",/realme-9-meteor-black-128-gb/p/itm73722a6d35d36?pid=MOBGDYSHVUMESCUV&lid=LSTMOBGDYSHVUMESCUVRIRTHR&marketplace=FLIPKART&q=mobiles&store=tyy%2F4io&srno=s_8_190&otracker=search&fm=organic&iid=6d8b7de0-9d4b-40a5-b969-02e173dfc8ad.MOBGDYSHVUMESCUV.SEARCH&ppt=None&ppn=None&ssid=cpkfms9lj40000001669553614014&qH=eb4af0bf07c16429
190,Nokia 105 TA-1416 DS,"₹1,449",/nokia-105-ta-1416-ds/p/itm4ff841635c0c5?pid=MOBGC96FYY5TVSUF&lid=LSTMOBGC96FYY5TVSUFNFOUST&marketplace=FLIPKART&q=mobiles&store=tyy%2F4io&srno=s_8_191&otracker=search&fm=organic&iid=6d8b7de0-9d4b-40a5-b969-02e173dfc8ad.MOBGC96FYY5TVSUF.SEARCH&ppt=None&ppn=None&ssid=cpkfms9lj40000001669553614014&qH=eb4af0bf07c16429
191,"POCO X4 Pro 5G (Laser Blue, 128 GB)","₹17,999",/poco-x4-pro-5g-laser-blue-128-gb/p/itmeb324bd268ef4?pid=MOBGCGZZDHZ2HJU8&lid=LSTMOBGCGZZDHZ2HJU8ONUSOK&marketplace=FLIPKART&q=mobiles&store=tyy%2F4io&srno=s_8_192&otracker=search&fm=organic&iid=6d8b7de0-9d4b-40a5-b969-02e173dfc8ad.MOBGCGZZDHZ2HJU8.SEARCH&ppt=None&ppn=None&ssid=cpkfms9lj40000001669553614014&qH=eb4af0bf07c16429
192,"realme 9 (Meteor Black, 128 GB)","₹17,999",/realme-9-meteor-black-128-gb/p/itm73722a6d35d36?pid=MOBGDYSHVUMESCUV&lid=LSTMOBGDYSHVUMESCUVRIRTHR&marketplace=FLIPKART&q=mobiles&store=tyy%2F4io&srno=s_9_193&otracker=search&fm=organic&iid=0ba541c2-91a8-424a-bdc3-e9426668d92c.MOBGDYSHVUMESCUV.SEARCH&ppt=None&ppn=None&ssid=7iqdj08jz40000001669553614959&qH=eb4af0bf07c16429
193,MarQ by Flipkart M70 Shakti,"₹1,099",/marq-flipkart-m70-shakti/p/itm2e51c9c4cc416?pid=MOBG6H4QZ5QPNDMP&lid=LSTMOBG6H4QZ5QPNDMPGU6LWQ&marketplace=FLIPKART&q=mobiles&store=tyy%2F4io&srno=s_9_194&otracker=search&fm=organic&iid=0ba541c2-91a8-424a-bdc3-e9426668d92c.MOBG6H4QZ5QPNDMP.SEARCH&ppt=None&ppn=None&ssid=7iqdj08jz40000001669553614959&qH=eb4af0bf07c16429
194,"Redmi 9A Sport (Metallic Blue, 32 GB)","₹8,285",/redmi-9a-sport-metallic-blue-32-gb/p/itm53bc6ebfe147b?pid=MOBG7H8GFGZPYUFH&lid=LSTMOBG7H8GFGZPYUFHEYOMMJ&marketplace=FLIPKART&q=mobiles&store=tyy%2F4io&srno=s_9_195&otracker=search&fm=organic&iid=0ba541c2-91a8-424a-bdc3-e9426668d92c.MOBG7H8GFGZPYUFH.SEARCH&ppt=None&ppn=None&ssid=7iqdj08jz40000001669553614959&qH=eb4af0bf07c16429
195,"OPPO F19 (Prism Black, 128 GB)","₹14,990",/oppo-f19-prism-black-128-gb/p/itm82f60569dc6db?pid=MOBGFGWNUZXAM7QY&lid=LSTMOBGFGWNUZXAM7QYB6Z1TY&marketplace=FLIPKART&q=mobiles&store=tyy%2F4io&srno=s_9_196&otracker=search&fm=organic&iid=0ba541c2-91a8-424a-bdc3-e9426668d92c.MOBGFGWNUZXAM7QY.SEARCH&ppt=None&ppn=None&ssid=7iqdj08jz40000001669553614959&qH=eb4af0bf07c16429
196,"Infinix Note 12 (Jewel Blue, 128 GB)","₹11,999",/infinix-note-12-jewel-blue-128-gb/p/itm8d7ef81209637?pid=MOBGE5X3KYHNMN8V&lid=LSTMOBGE5X3KYHNMN8VS33BVQ&marketplace=FLIPKART&q=mobiles&store=tyy%2F4io&srno=s_9_197&otracker=search&fm=organic&iid=0ba541c2-91a8-424a-bdc3-e9426668d92c.MOBGE5X3KYHNMN8V.SEARCH&ppt=None&ppn=None&ssid=7iqdj08jz40000001669553614959&qH=eb4af0bf07c16429
197,"Infinix Hot 11S (Silver Wave, 64 GB)","₹9,999",/infinix-hot-11s-silver-wave-64-gb/p/itm89f2c3f6ece7e?pid=MOBGAJW6UHB58GJN&lid=LSTMOBGAJW6UHB58GJNEG1DJT&marketplace=FLIPKART&q=mobiles&store=tyy%2F4io&srno=s_9_198&otracker=search&fm=organic&iid=0ba541c2-91a8-424a-bdc3-e9426668d92c.MOBGAJW6UHB58GJN.SEARCH&ppt=None&ppn=None&ssid=7iqdj08jz40000001669553614959&qH=eb4af0bf07c16429
198,"Redmi 9A Sport (Metallic Blue, 32 GB)","₹6,889",/redmi-9a-sport-metallic-blue-32-gb/p/itm53bc6ebfe147b?pid=MOBG7GY6GGZ8XZGM&lid=LSTMOBG7GY6GGZ8XZGMI256KE&marketplace=FLIPKART&q=mobiles&store=tyy%2F4io&srno=s_9_199&otracker=search&fm=organic&iid=0ba541c2-91a8-424a-bdc3-e9426668d92c.MOBG7GY6GGZ8XZGM.SEARCH&ppt=None&ppn=None&ssid=7iqdj08jz40000001669553614959&qH=eb4af0bf07c16429
199,"Infinix Note 12 (Force Black, 128 GB)","₹11,999",/infinix-note-12-force-black-128-gb/p/itm8d7ef81209637?pid=MOBGE5X3Z6DGJMZD&lid=LSTMOBGE5X3Z6DGJMZDM2ECPS&marketplace=FLIPKART&q=mobiles&store=tyy%2F4io&srno=s_9_200&otracker=search&fm=organic&iid=0ba541c2-91a8-424a-bdc3-e9426668d92c.MOBGE5X3Z6DGJMZD.SEARCH&ppt=None&ppn=None&ssid=7iqdj08jz40000001669553614959&qH=eb4af0bf07c16429
200,"Redmi 9A Sport (Coral Green, 32 GB)","₹7,587",/redmi-9a-sport-coral-green-32-gb/p/itm53bc6ebfe147b?pid=MOBG7CJZZRCJ3XHG&lid=LSTMOBG7CJZZRCJ3XHGTOBYKE&marketplace=FLIPKART&q=mobiles&store=tyy%2F4io&srno=s_9_201&otracker=search&fm=organic&iid=0ba541c2-91a8-424a-bdc3-e9426668d92c.MOBG7CJZZRCJ3XHG.SEARCH&ppt=None&ppn=None&ssid=7iqdj08jz40000001669553614959&qH=eb4af0bf07c16429
201,"POCO X4 Pro 5G (Laser Black, 128 GB)","₹17,999",/poco-x4-pro-5g-laser-black-128-gb/p/itm30feac36897d8?pid=MOBGCGZZHMGXSYHA&lid=LSTMOBGCGZZHMGXSYHAUPT1FJ&marketplace=FLIPKART&q=mobiles&store=tyy%2F4io&srno=s_9_202&otracker=search&fm=organic&iid=0ba541c2-91a8-424a-bdc3-e9426668d92c.MOBGCGZZHMGXSYHA.SEARCH&ppt=None&ppn=None&ssid=7iqdj08jz40000001669553614959&qH=eb4af0bf07c16429
202,Nokia 216 DS,"₹3,299",/nokia-216-ds/p/itm2cae28b27c2de?pid=MOBEZNGCFBDBBN57&lid=LSTMOBEZNGCFBDBBN57KZT719&marketplace=FLIPKART&q=mobiles&store=tyy%2F4io&srno=s_9_203&otracker=search&fm=organic&iid=0ba541c2-91a8-424a-bdc3-e9426668d92c.MOBEZNGCFBDBBN57.SEARCH&ppt=None&ppn=None&ssid=7iqdj08jz40000001669553614959&qH=eb4af0bf07c16429
203,"realme C11 2021 (Cool Blue, 32 GB)","₹7,499",/realme-c11-2021-cool-blue-32-gb/p/itmbd856acb97c38?pid=MOBG4BEG3HG78BDG&lid=LSTMOBG4BEG3HG78BDGOBNGF8&marketplace=FLIPKART&q=mobiles&store=tyy%2F4io&srno=s_9_204&otracker=search&fm=organic&iid=0ba541c2-91a8-424a-bdc3-e9426668d92c.MOBG4BEG3HG78BDG.SEARCH&ppt=None&ppn=None&ssid=7iqdj08jz40000001669553614959&qH=eb4af0bf07c16429
204,"realme C11 2021 (Cool Grey, 32 GB)","₹7,499",/realme-c11-2021-cool-grey-32-gb/p/itmbd856acb97c38?pid=MOBG4BEGX8QYNKGZ&lid=LSTMOBG4BEGX8QYNKGZ8JGQTA&marketplace=FLIPKART&q=mobiles&store=tyy%2F4io&srno=s_9_205&otracker=search&fm=organic&iid=0ba541c2-91a8-424a-bdc3-e9426668d92c.MOBG4BEGX8QYNKGZ.SEARCH&ppt=None&ppn=None&ssid=7iqdj08jz40000001669553614959&qH=eb4af0bf07c16429
205,"Tecno Spark 9 (Infinity Black, 64 GB)","₹8,497",/tecno-spark-9-infinity-black-64-gb/p/itm8bb8e5895653e?pid=MOBGGHBYHHWW7GKE&lid=LSTMOBGGHBYHHWW7GKES4NIJW&marketplace=FLIPKART&q=mobiles&store=tyy%2F4io&srno=s_9_206&otracker=search&fm=organic&iid=0ba541c2-91a8-424a-bdc3-e9426668d92c.MOBGGHBYHHWW7GKE.SEARCH&ppt=None&ppn=None&ssid=7iqdj08jz40000001669553614959&qH=eb4af0bf07c16429
206,"SAMSUNG Galaxy M32 Prime Edition (Black, 128 GB)","₹14,790",/samsung-galaxy-m32-prime-black-128-gb/p/itmb95f457e6bc94?pid=MOBGJHQZZWFVDU3A&lid=LSTMOBGJHQZZWFVDU3AWP5FSC&marketplace=FLIPKART&q=mobiles&store=tyy%2F4io&srno=s_9_207&otracker=search&fm=organic&iid=0ba541c2-91a8-424a-bdc3-e9426668d92c.MOBGJHQZZWFVDU3A.SEARCH&ppt=None&ppn=None&ssid=7iqdj08jz40000001669553614959&qH=eb4af0bf07c16429
207,"REDMI Note 10 Pro Max (Dark Nebula, 128 GB)","₹17,999",/redmi-note-10-pro-max-dark-nebula-128-gb/p/itm32dc939d5a40f?pid=MOBGF8VJY8ZFKPMK&lid=LSTMOBGF8VJY8ZFKPMKMYA2IZ&marketplace=FLIPKART&q=mobiles&store=tyy%2F4io&srno=s_9_208&otracker=search&fm=organic&iid=0ba541c2-91a8-424a-bdc3-e9426668d92c.MOBGF8VJY8ZFKPMK.SEARCH&ppt=None&ppn=None&ssid=7iqdj08jz40000001669553614959&qH=eb4af0bf07c16429
208,"REDMI 10A (Sea Blue, 32 GB)","₹7,584",/redmi-10a-sea-blue-32-gb/p/itmab0d50e81ec2e?pid=MOBGDRGHADGM3XJS&lid=LSTMOBGDRGHADGM3XJSSCX6HM&marketplace=FLIPKART&q=mobiles&store=tyy%2F4io&srno=s_9_209&otracker=search&fm=organic&iid=0ba541c2-91a8-424a-bdc3-e9426668d92c.MOBGDRGHADGM3XJS.SEARCH&ppt=None&ppn=None&ssid=7iqdj08jz40000001669553614959&qH=eb4af0bf07c16429
209,"REDMI 9 Activ (Coral Green, 64 GB)","₹8,699",/redmi-9-activ-coral-green-64-gb/p/itm329ae4068c8e8?pid=MOBG7FNG6HBQCPGY&lid=LSTMOBG7FNG6HBQCPGYPXWLDG&marketplace=FLIPKART&q=mobiles&store=tyy%2F4io&srno=s_9_210&otracker=search&fm=organic&iid=0ba541c2-91a8-424a-bdc3-e9426668d92c.MOBG7FNG6HBQCPGY.SEARCH&ppt=None&ppn=None&ssid=7iqdj08jz40000001669553614959&qH=eb4af0bf07c16429
210,LAVA Flip,"₹2,048",/lava-flip/p/itm3666b26197e88?pid=MOBGGY37Y7MZZWJW&lid=LSTMOBGGY37Y7MZZWJW9OQZLZ&marketplace=FLIPKART&q=mobiles&store=tyy%2F4io&srno=s_9_211&otracker=search&fm=organic&iid=0ba541c2-91a8-424a-bdc3-e9426668d92c.MOBGGY37Y7MZZWJW.SEARCH&ppt=None&ppn=None&ssid=7iqdj08jz40000001669553614959&qH=eb4af0bf07c16429
211,"IQOO Neo 6 5G (Cyber Rage, 128 GB)","₹30,799",/iqoo-neo-6-5g-cyber-rage-128-gb/p/itm2daed4b8d5279?pid=MOBGG5MZKJEAWPWP&lid=LSTMOBGG5MZKJEAWPWPALRK1B&marketplace=FLIPKART&q=mobiles&store=tyy%2F4io&srno=s_9_212&otracker=search&fm=organic&iid=0ba541c2-91a8-424a-bdc3-e9426668d92c.MOBGG5MZKJEAWPWP.SEARCH&ppt=None&ppn=None&ssid=7iqdj08jz40000001669553614959&qH=eb4af0bf07c16429
212,"SAMSUNG Galaxy M33 5G (Mystique Green, 128 GB)","₹16,869",/samsung-galaxy-m33-5g-mystique-green-128-gb/p/itme4ec54aec3acc?pid=MOBGDC8MZMBXFZJT&lid=LSTMOBGDC8MZMBXFZJTCILMLW&marketplace=FLIPKART&q=mobiles&store=tyy%2F4io&srno=s_9_213&otracker=search&fm=organic&iid=0ba541c2-91a8-424a-bdc3-e9426668d92c.MOBGDC8MZMBXFZJT.SEARCH&ppt=None&ppn=None&ssid=7iqdj08jz40000001669553614959&qH=eb4af0bf07c16429
213,"APPLE iPhone 11 (White, 128 GB)","₹48,900",/apple-iphone-11-white-128-gb/p/itme32df47ea6742?pid=MOBFWQ6B7KKRXDDS&lid=LSTMOBFWQ6B7KKRXDDSULUZ0N&marketplace=FLIPKART&q=mobiles&store=tyy%2F4io&srno=s_9_214&otracker=search&fm=organic&iid=0ba541c2-91a8-424a-bdc3-e9426668d92c.MOBFWQ6B7KKRXDDS.SEARCH&ppt=None&ppn=None&ssid=7iqdj08jz40000001669553614959&qH=eb4af0bf07c16429
214,"POCO M5 (Power Black, 64 GB)","₹10,999",/poco-m5-power-black-64-gb/p/itm65951f4147fc4?pid=MOBGHMZEGDGXT2BT&lid=LSTMOBGHMZEGDGXT2BT6YTPRE&marketplace=FLIPKART&q=mobiles&store=tyy%2F4io&srno=s_9_215&otracker=search&fm=organic&iid=0ba541c2-91a8-424a-bdc3-e9426668d92c.MOBGHMZEGDGXT2BT.SEARCH&ppt=None&ppn=None&ssid=7iqdj08jz40000001669553614959&qH=eb4af0bf07c16429
215,"vivo Y53s (Deep Sea Blue, 128 GB)","₹15,490",/vivo-y53s-deep-sea-blue-128-gb/p/itmfec33b9946fad?pid=MOBG5GRG8YQZ6Q8G&lid=LSTMOBG5GRG8YQZ6Q8GKLD71N&marketplace=FLIPKART&q=mobiles&store=tyy%2F4io&srno=s_9_216&otracker=search&fm=organic&iid=0ba541c2-91a8-424a-bdc3-e9426668d92c.MOBG5GRG8YQZ6Q8G.SEARCH&ppt=None&ppn=None&ssid=7iqdj08jz40000001669553614959&qH=eb4af0bf07c16429
